"|","|__name","Lasana_y_canelones"
"Aceite_de_oliva","Aceite de oliva 0,4º Hacendado\nBotella 1 L\n9,25 € /ud.","Placas para lasaña precocidas El Pavo\nCaja 18 placas (200 g)\n1,43 € /ud."
"","Aceite de oliva virgen extra Hacendado\nGarrafa 3 L\n29,55 € /ud.",""
"","Aceite de oliva virgen extra Hacendado\nBotella 1 L\n9,90 € /ud.",""
"","Aceite de oliva virgen extra Hacendado Gran Selección\nBotella 750 ml\n8,10 € /ud.",""
"","Aceite de oliva 1º Hacendado\nBotella 1 L\n9,25 € /ud.",""
"","Aceite de oliva virgen Hacendado\nGarrafa 3 L\n28,50 € /ud.",""
"","Aceite de oliva virgen Hacendado\nBotella 1 L\n9,55 € /ud.",""
"","Aceite de oliva suave Hacendado\nGarrafa 3 L\n27,60 € /ud.",""
"","Aceite de oliva intenso Hacendado\nGarrafa 3 L\n27,60 € /ud.",""
"","Aceite de oliva virgen extra Hacendado\nSpray 200 ml\n3,30 € /ud.",""
"","Aceite de oliva virgen extra Picual Casa Juncal\nBotella 500 ml\n7,85 € /ud.",""
"Aceite_de_girasol_semillas_y_maiz","Aceite de girasol refinado 0,2º Hacendado\nGarrafa 5 L\n6,95 €6,75 € /ud.",""
"","Aceite de girasol refinado 0,2º Hacendado\nBotella 1 L\n1,45 € /ud.",""
"","Aceite de coco virgen Hacendado\nBote 450 ml\n4,40 € /ud.",""
"Vinagre_y_otros_aderezos","Vinagre de vino blanco Hacendado\nBotella 1 L\n0,75 € /ud.",""
"","Vinagre de manzana Hacendado\nBotella 1 L\n0,90 € /ud.",""
"","Limón exprimido Hacendado\nBotella 280 ml\n1,00 € /ud.",""
"","Crema de vinagre balsámico de Módena Hacendado\nBotella 250 g\n1,75 € /ud.",""
"","Vinagre de Jerez reserva Hacendado\nBotella 250 ml\n2,00 € /ud.",""
"","Bebida aromatizada a base de vino para cocinar Abuela Carola\nBotella 750 ml\n2,35 € /ud.",""
"","Reducción de vinagre Pedro Ximénez Hacendado\nBotella 300 g\n2,25 € /ud.",""
"","Aceite de oliva, vinagre y sal Merry\n15 monodosis x 10 ml\n2,20 € /pack",""
"","Vinagre balsámico de Módena Hacendado\nBotella 500 ml\n2,50 € /ud.",""
"","Vinagre de manzana Hacendado sin filtrar\nBotella 500 ml\n1,70 € /ud.",""
"Sal_y_bicarbonato","Sal fina Hacendado\nPaquete 1 kg\n0,35 € /ud.",""
"","Sal fina de mesa Hacendado\nBote 250 g\n0,60 € /ud.",""
"","Sal yodada fina Hacendado\nPaquete 1 kg\n0,35 € /ud.",""
"","Sal gruesa Hacendado\nPaquete 1 kg\n0,35 € /ud.",""
"","Bicarbonato sódico Hacendado\nPaquete 1 kg\n1,50 € /ud.",""
"","Bicarbonato sódico Hacendado\nBote 300 g\n1,10 € /ud.",""
"","Sal marina en escamas Polasal\nBote 125 g\n2,00 € /ud.",""
"","Sal gruesa para hornear Hacendado\nPaquete 2 kg\n0,95 € /ud.",""
"","Sal de ajo Hacendado\nBote 130 g\n1,80 € /ud.",""
"","Sal de frutas sabor limón Hacendado\nBote 250 g\n2,10 € /ud.",""
"","Sal 60% menos de sodio Hacendado\nBote 250 g\n2,30 € /ud.",""
"","Preparado para salmón ahumado Hacendado\nBote 750 g\n3,30 € /ud.",""
"","Sal rosa del Himalaya Hacendado\nBote 250 g\n1,80 € /ud.",""
"Agua_sin_gas","Agua mineral grande Fuente Dehesa\nGarrafa 6 L\n1,26 € /ud.",""
"","Agua mineral grande Fuente Dehesa\n6 botellas x 1,5 L\n2,34 € /pack",""
"","Agua mineral grande Fuente Dehesa\nBotella 1,5 L\n0,39 € /ud.",""
"","Agua mineral mediana Fuente Dehesa\n6 botellas x 1 L\n3,00 € /pack",""
"","Agua mineral mediana Fuente Dehesa\nBotella 1 L\n0,50 € /ud.",""
"","Agua mineral pequeña Fuente Dehesa\n6 botellas x 500 ml\n1,62 € /pack",""
"","Agua mineral pequeña Fuente Dehesa\nBotella 500 ml\n0,27 € /ud.",""
"","Agua mineral pequeña Fuente Dehesa tapón infantil\n6 botellas x 330 ml\n2,28 € /pack",""
"","Agua mineral pequeña Fuente Dehesa tapón infantil\nBotella 330 ml\n0,38 € /ud.",""
"","Agua mineral grande Nestlé Aquarel\n6 botellas x 1,5 L\n3,54 € /pack",""
"","Agua mineral grande Nestlé Aquarel\nBotella 1,5 L\n0,59 € /ud.",""
"","Agua mineral grande Solán de Cabras\n6 botellas x 1,5 L\n5,34 € /pack",""
"","Agua mineral grande Solán de Cabras\nBotella 1,5 L\n0,89 € /ud.",""
"","Agua mineral grande Lanjarón\n6 botellas x 1,5 L\n4,20 € /pack",""
"","Agua mineral grande Lanjarón\nBotella 1,5 L\n0,73 € /ud.",""
"","Agua mineral grande Aguadoy\nGarrafa 8 L\n0,89 € /ud.",""
"","Agua mineral grande Aguadoy\nGarrafa 6 L\n0,78 € /ud.",""
"","Agua mineral grande Aguadoy\n6 botellas x 1,5 L\n1,50 € /pack",""
"","Agua mineral grande Aguadoy\nBotella 1,5 L\n0,25 € /ud.",""
"","Agua mineral mediana Aguadoy\n6 botellas x 1 L\n2,40 € /pack",""
"","Agua mineral mediana Aguadoy\nBotella 1 L\n0,40 € /ud.",""
"","Agua mineral pequeña Aguadoy\n6 botellas x 500 ml\n1,32 € /pack",""
"","Agua mineral pequeña Aguadoy\nBotella 500 ml\n0,22 € /ud.",""
"","Agua mineral pequeña Aguadoy tapón infantil\n6 botellas x 330 ml\n1,44 € /pack",""
"","Agua mineral pequeña Aguadoy tapón infantil\nBotella 330 ml\n0,24 € /ud.",""
"","Agua mineral grande Liviana\n6 botellas x 2 L\n4,80 € /pack",""
"","Agua mineral grande Liviana\nBotella 2 L\n0,80 € /ud.",""
"","Agua de coco Chaokoh 100% natural\nBrick 1 L\n2,60 € /ud.",""
"Agua_con_gas","Agua mineral con gas grande Vichy Catalan\nBotella 1 L\n1,49 € /ud.",""
"","Agua mineral con gas pequeña Vichy Catalan\n6 botellas x 300 ml\n5,89 € /pack",""
"","Agua de soda con sifón La Casa\nBotella 1,5 L\n1,60 € /ud.",""
"","Agua mineral con gas grande Aguadoy\n6 botellas x 1,5 L\n2,46 € /pack",""
"","Agua mineral con gas grande Aguadoy\nBotella 1,5 L\n0,41 € /ud.",""
"","Agua mineral con gas pequeña Aguadoy\n6 botellas x 500 ml\n1,62 € /pack",""
"","Agua mineral con gas pequeña Aguadoy\nBotella 500 ml\n0,27 € /ud.",""
"Gaseosa","Gaseosa Hacendado grande\nBotella 1,5 L\n0,50 € /ud.",""
"","Gaseosa Hacendado pequeña\n6 botellas x 500 ml\n1,92 € /pack",""
"","Gaseosa Hacendado pequeña\nBotella 500 ml\n0,32 € /ud.",""
"","Gaseosa La Casera grande\n2 botellas x 1,5 L\n2,36 € /pack",""
"","Gaseosa La Casera grande\nBotella 1,5 L\n1,20 € /ud.",""
"cocacola_clasica","Refresco Coca-Cola\n2 botellas x 2 L\n3,90 € /pack",""
"","Refresco Coca-Cola\nBotella 2 L\n1,99 € /ud.",""
"","Refresco Coca-Cola\nBotella 1,25 L\n1,49 €1,25 € /ud.",""
"","Refresco Coca-Cola\n4 botellas x 500 ml\n5,00 € /pack",""
"","Refresco Coca-Cola\nBotella 500 ml\n1,45 € /ud.",""
"","Refresco Coca-Cola\n12 latas x 330 ml\n10,44 €9,72 € /pack",""
"","Refresco Coca-Cola\nLata 330 ml\n0,89 € /ud.",""
"","Refresco cola Hacendado\nBotella 2 L\n0,80 € /ud.",""
"","Refresco cola Hacendado\n6 latas x 330 ml\n2,04 € /pack",""
"","Refresco cola Hacendado\nLata 330 ml\n0,34 € /ud.",""
"","Refresco cola Pepsi\nBotella 1,75 L\n1,69 € /ud.",""
"Cocacola_zero","Refresco Coca-Cola Zero azúcar\n12 latas x 330 ml\n10,44 € /pack",""
"","Refresco Coca-Cola Zero azúcar\nLata 330 ml\n0,89 € /ud.",""
"","Refresco Coca-Cola Zero azúcar\n2 botellas x 2 L\n3,90 € /pack",""
"","Refresco Coca-Cola Zero azúcar\nBotella 2 L\n1,99 € /ud.",""
"","Refresco Coca-Cola Zero azúcar\nBotella 1,25 L\n1,49 €1,25 € /ud.",""
"","Refresco Coca-Cola Zero azúcar\n4 botellas x 500 ml\n5,00 € /pack",""
"","Refresco Coca-Cola Zero azúcar\nBotella 500 ml\n1,45 € /ud.",""
"","Refresco Coca-Cola light\n9 latas x 330 ml\n7,83 € /pack",""
"","Refresco Coca-Cola light\nLata 330 ml\n0,89 € /ud.",""
"","Refresco Coca-Cola Zero Zero\n12 latas x 330 ml\n10,44 € /pack",""
"","Refresco Coca-Cola Zero Zero\nLata 330 ml\n0,89 € /ud.",""
"","Refresco Coca-Cola Zero Zero\n2 botellas x 2 L\n3,90 € /pack",""
"","Refresco Coca-Cola Zero Zero\nBotella 2 L\n1,99 € /ud.",""
"","Refresco cola Hacendado Zero azúcar\nBotella 2 L\n0,70 € /ud.",""
"","Refresco cola Hacendado Zero azúcar\n6 latas x 330 ml\n1,92 € /pack",""
"","Refresco cola Hacendado Zero azúcar\nLata 330 ml\n0,32 € /ud.",""
"","Refresco cola Hacendado Zero azúcar Zero cafeína\nBotella 2 L\n0,70 € /ud.",""
"","Refresco cola Hacendado Zero azúcar Zero cafeína\n6 latas x 330 ml\n1,92 € /pack",""
"","Refresco cola Hacendado Zero azúcar Zero cafeína\nLata 330 ml\n0,32 € /ud.",""
"","Refresco cola Pepsi Zero azúcar\nBotella 1,75 L\n1,69 € /ud.",""
"Cocacola_sin_cafeina","Refresco Coca-Cola Zero Zero\n12 latas x 330 ml\n10,44 € /pack",""
"","Refresco Coca-Cola Zero Zero\nLata 330 ml\n0,89 € /ud.",""
"","Refresco Coca-Cola Zero Zero\n2 botellas x 2 L\n3,90 € /pack",""
"","Refresco Coca-Cola Zero Zero\nBotella 2 L\n1,99 € /ud.",""
"","Refresco cola Hacendado Zero azúcar Zero cafeína\nBotella 2 L\n0,70 € /ud.",""
"","Refresco cola Hacendado Zero azúcar Zero cafeína\n6 latas x 330 ml\n1,92 € /pack",""
"","Refresco cola Hacendado Zero azúcar Zero cafeína\nLata 330 ml\n0,32 € /ud.",""
"Fanta_de_limon","Refresco Fanta limón\nBotella 2 L\n1,79 € /ud.",""
"","Refresco Fanta limón\n9 latas x 330 ml\n6,57 €5,76 € /pack",""
"","Refresco Fanta limón\nLata 330 ml\n0,75 €0,66 € /ud.",""
"","Refresco Fanta limón zero azúcares añadidos\nLata 330 ml\n0,75 €0,66 € /ud.",""
"","Refresco de limón Hacendado fresh gas\nBotella 2 L\n0,95 € /ud.",""
"","Refresco de limón Hacendado fresh gas\n6 latas x 330 ml\n2,10 € /pack",""
"","Refresco de limón Hacendado fresh gas\nLata 330 ml\n0,35 € /ud.",""
"","Refresco de limón Hacendado zero azúcar fresh gas\nBotella 2 L\n0,95 € /ud.",""
"","Refresco de limón Hacendado zero azúcar fresh gas\n6 latas x 330 ml\n2,10 € /pack",""
"","Refresco de limón Hacendado zero azúcar fresh gas\nLata 330 ml\n0,35 € /ud.",""
"","Refresco limón Schweppes original\n8 latas x 330 ml\n7,52 €5,12 € /pack",""
"","Refresco limón Schweppes original\nLata 330 ml\n0,95 € /ud.",""
"Sprite","Refresco lima limón Sprite\nBotella 2 L\n1,59 €1,25 € /ud.",""
"","Refresco lima limón Sprite\n8 latas x 330 ml\n4,56 € /pack",""
"","Refresco lima limón Sprite\nLata 330 ml\n0,59 € /ud.",""
"","Refresco lima limón Hacendado fresh gas\nBotella 2 L\n0,95 € /ud.",""
"","Refresco lima limón Hacendado fresh gas\n6 latas x 330 ml\n2,10 € /pack",""
"","Refresco lima limón Hacendado fresh gas\nLata 330 ml\n0,35 € /ud.",""
"","Refresco lima limón Hacendado zero azúcar fresh gas\nBotella 2 L\n0,95 € /ud.",""
"Fanta_de_naranja","Refresco Fanta naranja\n2 botellas x 2 L\n3,50 € /pack",""
"","Refresco Fanta naranja\nBotella 2 L\n1,79 € /ud.",""
"","Refresco Fanta naranja\n9 latas x 330 ml\n6,57 €5,76 € /pack",""
"","Refresco Fanta naranja\nLata 330 ml\n0,75 €0,66 € /ud.",""
"","Refresco Fanta naranja zero azúcares añadidos\nBotella 2 L\n1,79 € /ud.",""
"","Refresco Fanta naranja zero azúcares añadidos\nLata 330 ml\n0,75 €0,66 € /ud.",""
"","Refresco de naranja Hacendado fresh gas\nBotella 2 L\n0,95 € /ud.",""
"","Refresco de naranja Hacendado fresh gas\n6 latas x 330 ml\n2,10 € /pack",""
"","Refresco de naranja Hacendado fresh gas\nLata 330 ml\n0,35 € /ud.",""
"","Refresco de naranja Hacendado zero fresh gas\nBotella 2 L\n0,95 € /ud.",""
"","Refresco de naranja Hacendado zero fresh gas\n6 latas x 330 ml\n2,10 € /pack",""
"","Refresco de naranja Hacendado zero fresh gas\nLata 330 ml\n0,35 € /ud.",""
"Arroz","Arroz redondo Hacendado\nPaquete 1 kg\n1,27 € /ud.",""
"","Arroz largo Hacendado\nPaquete 1 kg\n1,30 € /ud.",""
"","Arroz cocido basmati Sabroz\n2 vasitos x 125 g\n1,20 € /pack",""
"","Arroz cocido integral Sabroz\n2 vasitos x 125 g\n1,15 € /pack",""
"","Arroz bomba Hacendado\nPaquete 1 kg\n4,90 € /ud.",""
"","Quinoa cocida blanca y roja Sabroz\n2 vasitos x 125 g\n1,50 € /pack",""
"","Arroz cocido redondo Sabroz\n2 vasitos x 125 g\n1,15 € /pack",""
"","Arroz redondo J Sendra Hacendado\nPaquete 1 kg\n1,54 € /ud.",""
"","Arroz basmati aromático Hacendado\nPaquete 1 kg\n2,54 €2,44 € /ud.",""
"","Arroz integral redondo Hacendado\nPaquete 1 kg\n1,70 € /ud.",""
"","Cous cous mediano Bia\nCaja 1 kg\n1,90 €1,85 € /ud.",""
"","Arroz vaporizado Hacendado\nPaquete 1 kg\n1,54 € /ud.",""
"","Quinoa Hacendado\nPaquete 500 g\n2,65 € /ud.",""
"","Arroz redondo Sabroz\nPaquete 1 kg\n2,68 € /ud.",""
"","Arroz redondo SOS\nPaquete 1 kg\n1,80 € /ud.",""
"","Grano de avena cocida Sabroz\n2 vasitos x 125 g\n1,25 €1,20 € /pack",""
"Garbanzos","Garbanzo cocido Hacendado\nTarro 570 g (400 g escurrido)\n0,71 € /ud.",""
"","Garbanzo cocido Hacendado\nTarro 295 g (210 g escurrido)\n0,65 € /ud.",""
"","Garbanzo cocido pedrosillano Hacendado\nTarro 570 g (400 g escurrido)\n1,06 € /ud.",""
"","Garbanzo Hacendado\nPaquete 1 kg\n2,20 €2,15 € /ud.",""
"","Garbanzo pedrosillano Hacendado\nPaquete 1 kg\n1,95 € /ud.",""
"","Garbanzo lechoso andaluz Hacendado\nPaquete 1 kg\n2,75 €2,65 € /ud.",""
"Alubias","Alubia cocida blanca Hacendado\nTarro 570 g (400 g escurrido)\n0,69 € /ud.",""
"","Alubia cocida blanca Hacendado\nTarro 295 g (210 g escurrido)\n0,65 € /ud.",""
"","Alubia cocida roja Hacendado\nTarro 570 g (400 g escurrido)\n1,05 € /ud.",""
"","Alubia cocida pinta Hacendado\nTarro 570 g (400 g escurrido)\n1,10 € /ud.",""
"","Alubia blanca Hacendado\nPaquete 1 kg\n1,85 € /ud.",""
"","Alubia negra Hacendado\nPaquete 1 kg\n2,40 € /ud.",""
"","Alubia roja Hacendado\nPaquete 1 kg\n2,55 € /ud.",""
"","Alubia cocida granja Hacendado\nTarro 570 g (350 g escurrido)\n1,50 € /ud.",""
"","Alubia pinta Hacendado\nPaquete 1 kg\n2,16 € /ud.",""
"","Alubia granja Hacendado\nPaquete 500 g\n2,84 € /ud.",""
"Lentejas_y_otros","Lenteja pardina Hacendado\nPaquete 1 kg\n2,10 € /ud.",""
"","Lenteja cocida Hacendado\nTarro 570 g (400 g escurrido)\n0,87 €0,80 € /ud.",""
"","Lenteja cocida Hacendado\nTarro 295 g (210 g escurrido)\n0,75 €0,70 € /ud.",""
"","Soja texturizada grano fino Hacendado\nPaquete 250 g\n2,25 € /ud.",""
"","Lenteja Hacendado\nPaquete 1 kg\n1,88 € /ud.",""
"Fideos","Fideo cabello de ángel Hacendado\nPaquete 500 g\n0,82 € /ud.",""
"","Fideuá Hacendado\nPaquete 500 g\n0,82 € /ud.",""
"","Fideo grueso Hacendado\nPaquete 500 g\n0,82 € /ud.",""
"","Pasta estrellas Hacendado\nPaquete 500 g\n0,82 € /ud.",""
"","Pasta maravilla Hacendado\nPaquete 500 g\n0,82 € /ud.",""
"","Fideo mediano Hacendado\nPaquete 500 g\n0,82 € /ud.",""
"","Fideo al huevo Hacendado\nPaquete 500 g\n1,35 € /ud.",""
"","Pasta infantil con vegetales Hacendado\nPaquete 500 g\n1,30 €1,20 € /ud.",""
"","Sémola de trigo Hacendado\nPaquete 500 g\n1,60 € /ud.",""
"","Tapioca Tipiak\nCaja 225 g\n1,90 € /ud.",""
"","Pasta estrellas sin gluten Felicia\nPaquete 500 g\n2,00 €1,95 € /ud.",""
"Macarrones_pajaritas_y_helices","Pajaritas vegetales Hacendado\nPaquete 500 g\n1,10 € /ud.",""
"","Pasta penne integral Hacendado\nPaquete 500 g\n1,20 € /ud.",""
"","Pasta tortiglioni Armando\nPaquete 500 g\n1,24 € /ud.",""
"","Hélices con vegetales Hacendado\nPaquete 1 kg\n1,60 € /ud.",""
"","Macarrón fino Hacendado\nPaquete 500 g\n0,82 € /ud.",""
"","Macarrón al huevo Hacendado\nPaquete 500 g\n1,35 € /ud.",""
"","Macarrón Hacendado\nPaquete 1 kg\n1,35 €1,30 € /ud.",""
"","Macarrón rayado Hacendado\nPaquete 500 g\n0,82 € /ud.",""
"","Pasta penne Armando\nPaquete 500 g\n1,24 € /ud.",""
"","Pasta fusilli 100% lentejas rojas Felicia\nPaquete 250 g\n1,58 € /ud.",""
"","Pasta trottole vegetales Hacendado\nPaquete 500 g\n1,30 €1,20 € /ud.",""
"","Pasta fusilli Armando\nPaquete 500 g\n1,24 € /ud.",""
"","Pasta tiburón Hacendado\nPaquete 500 g\n0,82 € /ud.",""
"","Hélices Hacendado\nPaquete 500 g\n0,82 € /ud.",""
"","Macarrón Hacendado\nPaquete 500 g\n0,82 € /ud.",""
"","Pasta fusilli sin gluten Felicia\nPaquete 500 g\n2,00 €1,95 € /ud.",""
"","Pasta corallini integral Hacendado\nPaquete 500 g\n1,20 € /ud.",""
"Spaghetti_y_tallarines","Tallarines Hacendado\nPaquete 500 g\n0,82 € /ud.",""
"","Spaghetti integral Hacendado\nPaquete 500 g\n1,20 € /ud.",""
"","Spaghetti fino Hacendado\nPaquete 500 g\n0,82 € /ud.",""
"","Nidos al huevo Hacendado\nPaquete 500 g\n1,35 € /ud.",""
"","Spaghetti al huevo Hacendado\nPaquete 500 g\n1,35 € /ud.",""
"","Spaghetti Hacendado\nPaquete 1 kg\n1,35 €1,30 € /ud.",""
"","Spaghetti Hacendado\nPaquete 500 g\n0,82 € /ud.",""
"","Spaghetti sin gluten Felicia\nPaquete 500 g\n2,00 €1,95 € /ud.",""
"","Pasta fresca tagliatelle al huevo Hacendado\nPaquete 250 g\n1,15 € /ud.",""
"Pasta_rellena","Tortellini carne Pagani\nPaquete 250 g\n1,35 € /ud.",""
"","Pasta fresca tortellini carne Hacendado\nBandeja 250 g\n1,72 € /ud.",""
"","Pasta fresca ravioli ricotta y espinacas Hacendado\nBandeja 250 g\n1,72 € /ud.",""
"","Tortellini tres quesos Pagani\nPaquete 250 g\n1,35 € /ud.",""
"","Pasta fresca gnocchi Hacendado\nPaquete 500 g\n1,12 € /ud.",""
"","Pasta fresca triángulo setas y mascarpone Hacendado\nBandeja 250 g\n2,24 € /ud.",""
"","Pasta fresca girasoles quesos Hacendado\nBandeja 250 g\n1,72 € /ud.",""
"","Pasta fresca medialunas parmigiano reggiano y trufa Hacendado\nBandeja 250 g\n2,48 € /ud.",""
"","Pasta fresca medialunas calabaza y crema de quesos Hacendado\nBandeja 250 g\n2,24 € /ud.",""
"","Pasta fresca tortellini jamón y queso Hacendado\nPaquete 250 g\n1,72 € /ud.",""
"","Pasta fresca gnocchi quesos Hacendado\nPaquete 400 g\n2,00 € /ud.",""
"","Pasta fresca girasoles queso de cabra y cebolla caramelizada Hacendado\nBandeja 250 g\n2,24 € /ud.",""
"","Pasta fresca ravioli tomate y queso burrata Hacendado\nBandeja 250 g\n2,24 € /ud.",""
"Fideos_orientales","Fideos orientales Yakisoba classic Gallina Blanca\nVaso 93 g\n1,95 € /ud.",""
"","Fideos orientales Yatekomo sabor pollo Gallina Blanca\n3 vasos x 60 g\n3,95 € /pack",""
"","Fideos orientales Yatekomo sabor pollo Gallina Blanca\nVaso 60 g\n1,55 € /ud.",""
"","Pasta oriental sabor pollo Maggi\nPaquete 71 g\n0,90 € /ud.",""
"","Fideos orientales Yakisoba sabor soja Hacendado\nVaso 80 g\n1,30 € /ud.",""
"","Fideos orientales Yakisoba sabor soja Hacendado\nPaquete 90 g\n0,90 € /ud.",""
"","Fideos orientales sabor pollo Hacendado\nVaso 65 g\n0,95 €0,85 € /ud.",""
"","Fideos orientales sabor picante Hacendado\nVaso 65 g\n1,00 € /ud.",""
"Azucar","Azúcar blanco Hacendado\nPaquete 1 kg\n1,45 € /ud.",""
"","Azúcar blanco en sobres Hacendado\nCaja 50 sticks (350 g)\n1,55 € /ud.",""
"","Azúcar moreno de caña Hacendado\nPaquete 1 kg\n1,95 € /ud.",""
"","Azúcar moreno de caña en sobres Hacendado\nCaja 50 sobres (350 g)\n1,60 € /ud.",""
"","Panela azúcar moreno de caña integral Hacendado\nPaquete 500 g\n1,95 € /ud.",""
"","Azúcar glas Hacendado\nBote 500 g\n2,60 € /ud.",""
"Edulcorantes_y_otros","Edulcorante líquido sacarina Hacendado\nBote 150 ml\n0,85 € /ud.",""
"","Edulcorante en pastillas sacarina Hacendado\nBote 850 pastillas (52 g)\n1,15 € /ud.",""
"","Edulcorante en sobres sacarina Hacendado\nCaja 60 sobres (60 g)\n1,15 € /ud.",""
"","Sirope de agave Hacendado\nBote 350 g\n2,70 €2,60 € /ud.",""
"","Edulcorante líquido stevia Hacendado\nBote 150 ml\n2,05 € /ud.",""
"","Edulcorante granulado stevia Hacendado\nBote 200 g\n3,10 € /ud.",""
"","Edulcorante en pastillas stevia Hacendado\nBote 175 pastillas (9 g)\n1,85 € /ud.",""
"","Edulcorante en sobres stevia Hacendado\nCaja 54 sobres (54 g)\n2,00 € /ud.",""
"","Edulcorante Eritritol y Sucralosa Hacendado\nBote 200 g\n3,20 € /ud.",""
"Cereales","Cereales rellenos de leche Hacendado\nCaja 500 g\n2,60 €2,50 € /ud.",""
"","Mini cereales rellenos de leche Hacendado\nCaja 5 bolsitas (175 g)\n1,95 €1,90 € /ud.",""
"","Cereales rellenos de chocolate y avellana Hacendado\nPaquete 500 g\n2,15 €2,10 € /ud.",""
"","Cereales estrellas de maíz Stars Hacendado con miel\nCaja 400 g\n2,10 € /ud.",""
"","Cereales copos de maíz Corn Flakes Hacendado 0% azúcares añadidos\nCaja 500 g\n1,50 € /ud.",""
"","Cereales de arroz inflado Choco Rice Hacendado con chocolate\nCaja 500 g\n2,10 € /ud.",""
"","Cereales copos de maíz Corn Flakes Kellogg's\nCaja 500 g\n3,00 € /ud.",""
"","Cereales de arroz inflado Choco Krispies Kellogg's con chocolate\nCaja 420 g\n3,55 € /ud.",""
"","Cereales copos de trigo Chocodays Hacendado con chocolate\nCaja 500 g\n1,80 € /ud.",""
"","Cereales copos de maíz Corn Flakes Harvest Home sin gluten\nCaja 375 g\n2,59 € /ud.",""
"","Cereales rellenos de crema de cacao y avellana Hacendado sin gluten\nPaquete 400 g\n2,25 € /ud.",""
"Cereales_integrales_y_muesli","Copos de avena Brüggen\nCaja 500 g\n0,95 € /ud.",""
"","Cereales copos de trigo integral y arroz Special K Classic\nCaja 450 g\n3,25 € /ud.",""
"","Muesli Crunchy Hacendado con chocolate\nPaquete 500 g\n2,10 € /ud.",""
"","Cereales copos de trigo integral y arroz Hacendado 0% azúcares añadidos\nCaja 500 g\n2,05 €2,00 € /ud.",""
"","Cereales copos de trigo espelta integral Hacendado 0% azúcares añadidos\nPaquete 400 g\n1,75 €1,70 € /ud.",""
"","Cereales integrales copos de trigo Chocapic Nestlé con chocolate\nCaja 625 g\n3,95 €3,35 € /ud.",""
"","Muesli Crunchy Hacendado con frutos secos\nPaquete 500 g\n2,10 € /ud.",""
"","Muesli Crunchy Hacendado 0% azúcares añadidos 0% edulcorantes\nPaquete 500 g\n2,00 € /ud.",""
"","Cereales copos de trigo integral y arroz Hacendado bañados en chocolate con leche\nCaja 375 g\n2,35 € /ud.",""
"","Cereales copos tostados de trigo integral y arroz Hacendado con chocolate\nCaja 425 g\n2,00 € /ud.",""
"","Muesli Crunchy Hacendado con fruta\nPaquete 500 g\n2,10 € /ud.",""
"","Avena molida Hacendado\nPaquete 500 g\n1,11 € /ud.",""
"","Salvado de avena Hacendado\nPaquete 500 g\n1,65 € /ud.",""
"","Cereales y semillas granola Hacendado con frutos secos\nPaquete 400 g\n2,40 € /ud.",""
"","Cereales con salvado de trigo Fibra Sticks Hacendado\nCaja 500 g\n1,80 € /ud.",""
"","Muesli Hacendado con frutas\nPaquete 1 kg\n2,30 € /ud.",""
"","Muesli Hacendado 50% frutas y frutos secos\nPaquete 500 g\n1,95 € /ud.",""
"","Salvado de trigo integral Hacendado\nPaquete 250 g\n1,35 € /ud.",""
"","Muesli Hacendado con quinoa, chía y chocolate negro\nPaquete 400 g\n2,25 € /ud.",""
"","Cereales Cereal Mix Hacendado 0% azúcares añadidos\nPaquete 375 g\n2,40 € /ud.",""
"","Cereales avena Crunchy Hacendado\nCaja 400 g\n2,00 €1,90 € /ud.",""
"","Copos crujientes de cereales Granola Hacendado con trozos de fresas\nPaquete 400 g\n2,40 € /ud.",""
"","Cereales avena Crunchy Hacendado de cacao\nCaja 400 g\n2,15 € /ud.",""
"Barritas_de_cereales","Barritas de cereales Hacendado chocolate con leche\nCaja 6 barritas (120 g)\n1,40 € /ud.",""
"","Barritas de cereales Hacendado con chocolate blanco\nCaja 6 barritas (127 g)\n1,30 € /ud.",""
"","Barritas de cereales muesli Hacendado con chocolate\nCaja 6 barritas (138 g)\n1,40 € /ud.",""
"","Barritas de cereales con frutos secos Hacendado\nCaja 6 barritas (150 g)\n1,65 € /ud.",""
"","Barritas Sustitutivo de comida Belladieta sabor avena y chocolate con leche\nCaja 4 barritas (120 g)\n3,10 € /ud.",""
"","Barritas con proteínas Enervit Sport sabor coco y chocolate\nCaja 3 barritas (120 g)\n3,15 €2,75 € /ud.",""
"","Barrita con proteínas Enervit Sport sabor chocolate negro\nCaja 3 barritas (180 g)\n4,90 € /ud.",""
"","Barritas de espelta Hacendado sabor manzana\nCaja 6 barritas (120 g)\n1,50 € /ud.",""
"","Barritas de avena Hacendado con chocolate negro\nCaja 6 paquetes (252 g)\n2,35 € /ud.",""
"","Barritas de galleta rellenas de arándanos Hacendado\nCaja 5 barritas (125 g)\n1,50 € /ud.",""
"","Barritas 100% fruta de manzana y plátano Hacendado\nCaja 3 barritas (90 g)\n1,75 € /ud.",""
"","Barritas de cereales Hacendado con cacahuetes sabor caramelo\nCaja 4 barritas (138 g)\n1,70 € /ud.",""
"Galletas_desayuno","Galletas María dorada Hacendado\nPaquete 4 ud. (800 g)\n1,60 €1,55 € /ud.",""
"","Galletas Divertidas con cereales Hacendado\nCaja 10 paquetes (411 g)\n2,15 €2,05 € /ud.",""
"","Galletas tostadas Tosta Rica\nCaja 3 paquetes (570 g)\n3,00 € /ud.",""
"","Galletas tostadas Animadas Hacendado\nPaquete 3 ud. (600 g)\n1,70 €1,60 € /ud.",""
"","Galletas tostadas Hacendado\nPaquete 4 ud. (800 g)\n1,55 € /ud.",""
"","Galletas Relieve Hacendado\nPaquete 3 ud. (645 g)\n1,50 € /ud.",""
"","Galletas María dorada Hacendado 0% azúcares añadidos\nCaja 2 paquetes (400 g)\n1,55 € /ud.",""
"","Galletas María Fontaneda\nCaja 4 paquetes (800 g)\n3,30 € /ud.",""
"","Galletas María sin gluten y sin lactosa Hacendado\nPaquete 205 g\n1,55 € /ud.",""
"","Galletas tradicionales Hacendado\nCaja 2 paquetes (600 g)\n2,20 €2,15 € /ud.",""
"","Galletas María Hacendado\nPaquete 4 ud. (800 g)\n1,60 €1,55 € /ud.",""
"","Galletas canela Hacendado\nCaja 2 paquetes (500 g)\n1,70 €1,60 € /ud.",""
"Galletas_integrales_y_digestive","Galletas Digestive Hacendado\nPaquete 2 ud. (800 g)\n1,80 €1,75 € /ud.",""
"","Galletas Digestive avena Hacendado\nPaquete 425 g\n1,15 € /ud.",""
"","Galletas Digestive 0% azúcares añadidos Hacendado\nPaquete 400 g\n1,45 € /ud.",""
"","Galletas Cereales & fibra Hacendado\nPaquete 285 g\n1,25 € /ud.",""
"","Galletas de espelta Hacendado 0% azúcares añadidos\nPaquete 200 g\n1,25 € /ud.",""
"","Galletas Digestive fibra 23% Hacendado\nPaquete 400 g\n1,70 € /ud.",""
"","Galletas María Integral Hacendado\nPaquete 4 ud. (800 g)\n1,65 €1,60 € /ud.",""
"","Galletas Digestive avena Hacendado\nCaja 8 paquetes (384 g)\n1,85 € /ud.",""
"Galletas_con_chocolate_y_rellenas","Galletas Cookies Hacendado\nPaquete 225 g\n1,20 €1,15 € /ud.",""
"","Galletas rebuenas Hacendado rellenas de chocolate\nPaquete 500 g\n1,20 € /ud.",""
"","Galletas mini Oreo\nCaja 4 paquetes (160 g)\n1,95 €1,65 € /ud.",""
"","Galletas Chocominis sabor chocolate Hacendado\nCaja 500 g\n2,05 €1,95 € /ud.",""
"","Galletas Digestive chocolate con leche Hacendado\nPaquete 300 g\n1,05 € /ud.",""
"","Galletas Roditas bañadas con chocolate blanco Hacendado\nCaja 4 paquetes (300 g)\n1,75 € /ud.",""
"","Galletas mini caritas Hacendado con crema de cacao\nCaja 8 paquetes (329 g)\n1,35 € /ud.",""
"","Galletas Caocream Hacendado rellenas de crema\nCaja 10 paquetes (440 g)\n1,60 €1,55 € /ud.",""
"","Galletas Choco negro con chocolatina Hacendado\nCaja 4 paquetes (150 g)\n1,25 € /ud.",""
"","Barritas de galleta bañadas en chocolate con leche Chips Ahoy\nCaja 5 barritas (140 g)\n1,25 € /ud.",""
"","Galletas mini cookies Hacendado\nCaja 4 paquetes (160 g)\n1,30 € /ud.",""
"","Galletas con chocolate y crema de leche Hacendado\nCaja 8 paquetes (268 g)\n2,30 € /ud.",""
"","Galletas Caocream chocolate blanco Hacendado rellenas de crema\nCaja 6 paquetes (252 g)\n1,35 € /ud.",""
"","Galletas rellenas de chocolate Hacendado 0% azúcares añadidos\nPaquete 250 g\n1,40 € /ud.",""
"","Barquillos rellenos sabor nata Hacendado\nPaquete 210 g\n1,00 € /ud.",""
"","Barquillos rellenos de chocolate Hacendado\nPaquete 210 g\n1,00 € /ud.",""
"","Galletas con chocolate blanco Hacendado\nCaja 6 paquetes (236 g)\n1,25 € /ud.",""
"","Galletas Digestive avena chocolate con leche Hacendado\nPaquete 280 g\n1,30 € /ud.",""
"","Barquillos rellenos de nata Hacendado 0% azúcares añadidos\nPaquete 210 g\n1,10 € /ud.",""
"","Galletas cookies sin gluten y sin lactosa Hacendado\nPaquete 200 g\n1,95 € /ud.",""
"","Galletas Choco leche con chocolatina Hacendado\nCaja 4 paquetes (150 g)\n1,25 € /ud.",""
"","Galletas María choco Hacendado\nPaquete 265 g\n1,10 € /ud.",""
"","Tartaletes con relleno de fresa Hacendado\nPaquete 150 g\n1,10 €1,05 € /ud.",""
"","Barquillos con crema de avellanas Hacendado\nPaquete 250 g\n1,50 € /ud.",""
"","Galletas Diverkao Hacendado\nCaja 8 paquetes (312 g)\n1,55 € /ud.",""
"","Tubitos bañados chocolate negro Hacendado\nBote 150 g\n2,10 € /ud.",""
"","Rosquillas de chocolate con leche y coco Hacendado\nCaja 300 g\n1,65 € /ud.",""
"","Galletas Crunchy Choc Hacendado\nCaja 520 g\n2,40 € /ud.",""
"","Galletas Divertidas chocolate con leche Hacendado\nCaja 6 paquetes (251 g)\n1,90 € /ud.",""
"","Galletas Choco con relleno de crema de cacao Hacendado recubiertas de chocolate con leche\nPaquete 145 g\n1,60 € /ud.",""
"","Galletas Cream Cookies Hacendado\nPaquete 160 g\n1,45 € /ud.",""
"Galletas_surtidas","Galletas caramelizadas Lotus Biscoff\nPaquete 12 ud. (186 g)\n1,50 € /ud.",""
"","Galletas con mantequilla Hacendado\nCaja 125 g\n1,05 € /ud.",""
"","Surtido de galletas y barquillos Hacendado\nPaquete 500 g\n2,00 € /ud.",""
"","Galletas de mantequilla y chocolate Hacendado\nCaja 340 g\n2,85 € /ud.",""
"","Galletas de mantequilla Hacendado Belgas\nCaja 6 paquetes (180 g)\n1,60 € /ud.",""
"","Surtido de pastas artesanas Hacendado\nCaja 1 bandeja (500 g)\n2,30 € /ud.",""
"","Obleas redondas Hacendado\nPaquete 24 ud. (255 g)\n2,45 € /ud.",""
"","Obleas para helado Hacendado\nPaquete 24 ud. (52 g)\n0,70 € /ud.",""
"","Tubitos Hacendado\nBote 175 g\n2,00 € /ud.",""
"Platano_y_uva","Plátano de Canarias IGP\nPieza 154 g aprox.\n0,31 € /ud.",""
"","Banana\nPieza 184 g aprox.\n0,27 € /ud.",""
"","Plátano macho\nPieza 300 g aprox.\n0,87 € /ud.",""
"","Uva blanca sin semillas\nBandeja 500 g aprox.\n2,55 € /ud.",""
"","Uva roja sin semillas\nBandeja 500 g aprox.\n2,45 € /ud.",""
"manzana_y_pera","Manzana Golden\nPieza 190 g aprox.\n0,40 € /ud.",""
"","Manzanas Golden\nBolsa 1,5 kg aprox.\n2,84 € /ud.",""
"","Pera Conferencia\nPieza 166 g aprox.\n0,41 € /ud.",""
"","Peras Conferencia\n1,5 kg aprox.\n2,69 € /pack",""
"","Manzana roja dulce\nPieza 200 g aprox.\n0,55 € /ud.",""
"","Manzanas rojas dulces\nBolsa 1,5 kg aprox.\n3,59 € /ud.",""
"","Pera Ercolina\nPieza 95 g aprox.\n0,33 € /ud.",""
"","Manzana Granny Smith\nPieza 211 g aprox.\n0,44 € /ud.",""
"","Pera Rocha\nPieza 159 g aprox.\n0,38 € /ud.",""
"","Manzana Reineta\nPieza 207 g aprox.\n0,52 € /ud.",""
"","Manzana roja acidulce\nPieza 220 g aprox.\n0,53 € /ud.",""
"","Manzanas rojas acidulces\nBolsa 1,5 kg aprox.\n2,54 € /ud.",""
"Melon_y_sandia","1/4 Sandía baja en semillas\n1/4 Pieza 1,53 kg aprox.\n3,50 € /ud.",""
"","Media sandía baja en semillas\n1/2 Pieza 3,03 kg aprox.\n6,93 € /ud.",""
"","Sandía baja en semillas\nPieza 5,97 kg aprox.\n13,07 € /ud.",""
"","Medio melón piel de sapo\n1/2 Pieza 1,9 kg aprox.\n3,97 € /ud.",""
"","Melón piel de sapo\nPieza 3,92 kg aprox.\n7,40 € /ud.",""
"citricos","Limones\nMalla 1 kg\n1,69 €1,55 € /ud.",""
"","Limón\nPieza 170 g aprox.\n0,31 € /ud.",""
"","Mandarina\nPieza 117 g aprox.\n0,27 € /ud.",""
"","Mandarinas\n1,5 kg\n3,59 € /pack",""
"","Mandarina\nMalla 2 kg\n3,98 € /ud.",""
"","Naranja para mesa\nPieza 285 g aprox.\n0,54 € /ud.",""
"","Naranjas\nMalla 3 kg\n4,47 € /ud.",""
"","Naranjas\nMalla 5 kg\n4,95 € /ud.",""
"","Pomelos\nMalla 1,5 kg\n2,99 € /ud.",""
"","Lima\nPieza 100 g aprox.\n0,40 € /ud.",""
"Fruta_tropical","Kiwi verde\nPieza 109 g aprox.\n0,27 € /ud.",""
"","Kiwis verdes\nBandeja 1 kg aprox.\n2,88 € /ud.",""
"","Aguacate\nPieza 254 g aprox.\n1,33 € /ud.",""
"","Aguacates\n550 g aprox.\n2,69 € /pack",""
"","Piña\nPieza 1,97 kg aprox.\n3,77 € /ud.",""
"","Media piña\n1/2 Pieza 954 g aprox.\n2,01 € /ud.",""
"","Guacamole Hacendado\nTarrina 500 g\n3,59 € /ud.",""
"","Guacamole Hacendado\nTarrina 200 g\n1,75 € /ud.",""
"","Mango\nPieza 497 g aprox.\n1,68 € /ud.",""
"","Piña natural a rodajas\nBote 500 g aprox.\n2,90 € /ud.",""
"","Papaya\nPieza 700 g aprox.\n3,49 € /ud.",""
"Otras_frutas","Fresón\nBandeja 500 g aprox.\n2,70 € /ud.",""
"","Fresón\nBandeja 1 kg aprox.\n4,29 € /ud.",""
"","Frambuesas\nBandeja 170 g\n2,50 € /ud.",""
"","Moras\nBandeja 125 g\n2,39 € /ud.",""
"","Arándanos\nVaso 225 g\n3,15 €2,99 € /ud.",""
"","Arándanos\nTarrina 500 g\n6,49 €6,25 € /ud.",""
"Patata","Patata\nPieza 241 g aprox.\n0,48 € /ud.",""
"","Patatas\nMalla 3 kg\n4,90 € /ud.",""
"","Patatas rojas\nMalla 2 kg\n3,65 € /ud.",""
"","Patatas\nMalla 5 kg\n6,49 € /ud.",""
"","Patatas guarnición\nMalla 1 kg\n2,45 € /ud.",""
"","Batata\nPieza 424 g aprox.\n0,89 € /ud.",""
"","Patatas especial para freir\nMalla 2 kg\n3,75 € /ud.",""
"","Yuca\nPieza 671 g aprox.\n1,80 € /ud.",""
"Cebolla_y_ajo","Cebollas tiernas\nManojo 3 ud.\n1,29 € /ud.",""
"","Cebollas\nMalla 2 kg\n3,85 € /ud.",""
"","Cebollas\nMalla 1 kg\n2,39 € /ud.",""
"","Ajos morados\nMalla 250 g\n1,55 € /ud.",""
"","Cebollas dulces\nMalla 1 kg\n2,44 € /ud.",""
"","Ajo tierno\nManojo 200 g\n2,35 € /ud.",""
"","Ajos morados\nMalla 400 g\n2,10 € /ud.",""
"","Cebollas rojas\nMalla 500 g\n1,45 € /ud.",""
"","Ajo negro dientes pelados\nTarrina 85 g\n4,45 € /ud.",""
"","Picada de ajo y Perejil\nBandeja 100 g\n1,45 € /ud.",""
"Tomate","Tomate ensalada\nPieza 273 g aprox.\n0,63 € /ud.",""
"","Tomate canario\nPieza 174 g aprox.\n0,34 € /ud.",""
"","Tomate pera\nPieza 125 g aprox.\n0,25 € /ud.",""
"","Tomates pera\nBandeja 1 kg aprox.\n2,09 € /ud.",""
"","Tomates cherry pera kumato\nBandeja 300 g\n1,55 € /ud.",""
"","Tomates cherry\nBandeja 500 g\n1,95 € /ud.",""
"","Tomates cherry en rama Dulcita\nBandeja 200 g\n2,26 € /ud.",""
"","Tomates kumato negro\nBandeja 1 kg aprox.\n2,59 € /ud.",""
"","Tomates\nMalla 2 kg\n3,70 € /ud.",""
"","Tomate kumato negro\nPieza 103 g aprox.\n0,28 € /ud.",""
"","Tomate rallado\nTarrina 290 g\n1,39 € /ud.",""
"","Rama de Tomates\n838 g aprox.\n1,92 € /pack",""
"","Tomate rosa\nPieza 541 g aprox.\n1,82 € /ud.",""
"","Tomates Anhel\n460 g aprox.\n2,76 € /pack",""
"","Tomate ensalada\n1 kg aprox.\n2,39 € /pack",""
"Pepino_y_zanahoria","Zanahorias\nPaquete 1 kg\n1,09 € /ud.",""
"","Pepino\nPieza 204 g aprox.\n0,41 € /ud.",""
"","Pepino holandés\nPieza 425 g aprox.\n0,93 € /ud.",""
"","Zanahorias\nPaquete 500 g\n0,85 € /ud.",""
"","Pepinos\nMalla 1,25 kg\n2,48 € /ud.",""
"","Palitos de zanahoria\nTarrina 180 g\n1,99 € /ud.",""
"","Zanahoria rallada base para ensalada\nPaquete 150 g\n0,90 € /ud.",""
"Calabacin_y_pimiento","Pimiento rojo\nPieza 273 g aprox.\n0,73 € /ud.",""
"","Calabacín verde\nPieza 403 g aprox.\n0,72 € /ud.",""
"","Pimiento verde freír\nPieza 105 g aprox.\n0,23 € /ud.",""
"","Calabacín blanco\nPieza 352 g aprox.\n0,70 € /ud.",""
"","Pimiento verde\nPieza 230 g aprox.\n0,62 € /ud.",""
"","Pimientos tricolor rojo, amarillo y verde\n550 g aprox.\n1,64 € /pack",""
"","Pimientos semipicantes\nPaquete 250 g\n1,35 € /ud.",""
"Repollo_y_col","Coliflor\nPieza 1,04 kg aprox.\n2,06 € /ud.",""
"","Repollo liso\nPieza 1,48 kg aprox.\n2,43 € /ud.",""
"","Medio repollo liso\n1/2 Pieza 796 g aprox.\n1,54 € /ud.",""
"","Repollo rizado\nPieza 1,09 kg aprox.\n1,80 € /ud.",""
"","Medio repollo rizado\n1/2 Pieza 627 g aprox.\n1,22 € /ud.",""
"","Col lombarda\nPieza 1,1 kg aprox.\n2,03 € /ud.",""
"","Media col lombarda\n1/2 Pieza 570 g aprox.\n1,20 € /ud.",""
"Setas_y_champinones","Champiñón pequeño\nBandeja 300 g aprox.\n1,43 € /ud.",""
"","Champiñón laminado limpio\nBandeja 320 g aprox.\n1,99 € /ud.",""
"","Seta\nBandeja 250 g aprox.\n1,95 € /ud.",""
"","Champiñón grande\nBandeja 430 g aprox.\n2,21 € /ud.",""
"","Seta laminada\nBandeja 250 g aprox.\n2,11 € /ud.",""
"","Champiñón Portobello\nBandeja 300 g aprox.\n2,03 € /ud.",""
"","Seta shiitake\nBandeja 300 g aprox.\n3,76 € /ud.",""
"","Mix de setas intenso\nBandeja 235 g aprox.\n3,96 € /ud.",""
"","Mix de setas suave\nBandeja 260 g aprox.\n3,82 € /ud.",""
"Hierbas_aromaticas","Perejil troceado\nPaquete 40 g\n0,75 € /ud.",""
"","Jengibre\n200 g aprox.\n1,69 € /pack",""
"","Cilantro\nBandeja 20 g\n1,25 € /ud.",""
"","Albahaca\nBandeja 20 g\n1,50 € /ud.",""
"","Hierbabuena\nPaquete 40 g\n1,35 € /ud.",""
"","Cebollino\nBandeja 20 g\n1,80 € /ud.",""
"Otras_verduras_y_hortalizas","Espinacas cortadas\nPaquete 300 g\n1,20 € /ud.",""
"","Brócoli\nPieza 393 g aprox.\n0,98 € /ud.",""
"","Berenjena\nPieza 366 g aprox.\n0,58 € /ud.",""
"","Judía verde plana\nBandeja 750 g\n3,25 €2,99 € /ud.",""
"","Judía verde plana\nPaquete 350 g\n1,89 € /ud.",""
"","Acelgas cortadas\nPaquete 300 g\n1,20 € /ud.",""
"","Puerros\nPaquete 900 g aprox.\n2,42 € /ud.",""
"","Puerros\nBandeja 450 g aprox.\n2,09 € /ud.",""
"","Alcachofa\nPieza 150 g aprox.\n0,40 € /ud.",""
"","Judía verde redonda\nBandeja 500 g\n2,99 € /ud.",""
"","Calabaza cacahuete cortada a trozos\nBandeja 450 g aprox.\n1,80 € /ud.",""
"","Apio verde\nPaquete 660 g aprox.\n1,26 € /ud.",""
"","Preparado de verdura para cocido\nBandeja 900 g aprox.\n1,79 € /ud.",""
"","Espárrago verde fino\nPaquete 250 g\n2,25 € /ud.",""
"","Rabanitos\nPaquete 250 g\n1,10 € /ud.",""
"","Remolacha cocida y pelada\nPaquete 450 g\n0,99 € /ud.",""
"","Acelgas\nPaquete 800 g\n2,26 € /ud.",""
"","Maíz dulce en mazorca cocido\nPaquete 2 ud. (450 g)\n1,55 € /ud.",""
"","Calabaza cacahuete\nPieza 1,06 kg aprox.\n1,96 € /ud.",""
"","Media calabaza cacahuete\n1/2 Pieza 603 g aprox.\n1,27 € /ud.",""
"","Espárrago verde grueso\nPaquete 300 g\n3,69 €3,39 € /ud.",""
"","Maíz dulce en mazorca\nBandeja 2 ud.\n2,99 € /ud.",""
"Verduras_al_vapor","3 Vegetales para microondas\nPaquete 300 g\n1,64 € /ud.",""
"","Floretas de brócoli para microondas\nPaquete 230 g\n1,52 € /ud.",""
"","Mix de verduras paisana para microondas\nPaquete 300 g\n1,80 € /ud.",""
"","Sopa juliana para microondas\nPaquete 400 g\n1,35 € /ud.",""
"","Patata para microondas\nPaquete 400 g\n1,45 € /ud.",""
"","Batata para microondas\nPaquete 400 g\n2,40 € /ud.",""
"","Mix de verduras jardinera para microondas\nPaquete 400 g\n1,90 € /ud.",""
"Huevos","Huevos super grandes XL\nPaquete 12 ud.\n3,25 € /ud.",""
"","Huevos grandes L\nPaquete 12 ud.\n2,20 € /ud.",""
"","Huevos grandes L\nPaquete 6 ud.\n1,20 € /ud.",""
"","Huevos medianos M\nPaquete 12 ud.\n2,00 € /ud.",""
"","Huevos de gallinas camperas\nPaquete 12 ud.\n2,62 € /ud.",""
"","Huevos de gallinas camperas\nPaquete 6 ud.\n1,59 € /ud.",""
"","Huevos cocidos\nPaquete 6 ud.\n1,60 € /ud.",""
"","Huevos de codorniz\nPaquete 18 ud.\n1,65 € /ud.",""
"","Claras de huevo líquidas pasteurizadas\nBotella 1 L\n2,70 €2,60 € /ud.",""
"","Claras de huevo líquidas pasteurizadas\nBotella 300 ml\n1,55 € /ud.",""
"","Huevos\nPaquete 24 ud.\n3,80 € /ud.",""
"Leche_semidesnatada","Leche semidesnatada Hacendado\n6 bricks x 1 L\n5,22 € /pack",""
"","Leche semidesnatada Hacendado\nBrick 1 L\n0,87 € /ud.",""
"","Leche semidesnatada Hacendado\n6 mini bricks x 200 ml\n1,53 € /pack",""
"","Leche semidesnatada Hacendado\n6 botellas x 1,5 L\n8,46 € /pack",""
"","Leche semidesnatada Hacendado\nBotella 1,5 L\n1,41 € /ud.",""
"","Leche semidesnatada sin lactosa Hacendado\n6 bricks x 1 L\n5,70 € /pack",""
"","Leche semidesnatada sin lactosa Hacendado\nBrick 1 L\n0,95 € /ud.",""
"","Leche semidesnatada sin lactosa Hacendado\n6 mini bricks x 200 ml\n1,69 € /pack",""
"","Leche semidesnatada calcio Hacendado\n6 bricks x 1 L\n5,76 € /pack",""
"","Leche semidesnatada calcio Hacendado\nBrick 1 L\n0,96 € /ud.",""
"","Leche semidesnatada Asturiana\n6 botellas x 1,5 L\n10,68 € /pack",""
"","Leche semidesnatada Asturiana\nBotella 1,5 L\n1,78 € /ud.",""
"","Bebida láctea semidesnatada con fibra Hacendado\n6 bricks x 1 L\n7,50 € /pack",""
"","Bebida láctea semidesnatada con fibra Hacendado\nBrick 1 L\n1,25 € /ud.",""
"","Leche semidesnatada de cabra Hacendado\n6 bricks x 1 L\n10,80 € /pack",""
"","Leche semidesnatada de cabra Hacendado\nBrick 1 L\n1,80 € /ud.",""
"","Leche semidesnatada fresca Hacendado\nBotella 1 L\n1,04 € /ud.",""
"","Leche semidesnatada sin lactosa Hacendado\n6 botellas x 1,5 L\n9,18 € /pack",""
"","Leche semidesnatada sin lactosa Hacendado\nBotella 1,5 L\n1,53 € /ud.",""
"","Leche semidesnatada Asturiana\n6 bricks x 1 L\n6,84 € /pack",""
"","Leche semidesnatada Asturiana\nBrick 1 L\n1,14 € /ud.",""
"Leche_desnatada","Leche desnatada Hacendado\n6 bricks x 1 L\n5,10 € /pack",""
"","Leche desnatada Hacendado\nBrick 1 L\n0,85 € /ud.",""
"","Leche desnatada sin lactosa Hacendado\n6 bricks x 1 L\n5,58 € /pack",""
"","Leche desnatada sin lactosa Hacendado\nBrick 1 L\n0,93 € /ud.",""
"","Leche desnatada calcio Hacendado\n6 bricks x 1 L\n5,64 € /pack",""
"","Leche desnatada calcio Hacendado\nBrick 1 L\n0,94 € /ud.",""
"","Leche desnatada Hacendado\n6 botellas x 1,5 L\n8,28 € /pack",""
"","Leche desnatada Hacendado\nBotella 1,5 L\n1,38 € /ud.",""
"","Bebida láctea Omega 3 Puleva con leche desnatada\n6 bricks x 1 L\n11,40 € /pack",""
"","Bebida láctea Omega 3 Puleva con leche desnatada\nBrick 1 L\n1,90 € /ud.",""
"","Leche desnatada Asturiana\n6 botellas x 1,5 L\n10,68 € /pack",""
"","Leche desnatada Asturiana\nBotella 1,5 L\n1,78 € /ud.",""
"","Bebida láctea desnatada omega 3 Hacendado\n6 bricks x 1 L\n6,60 € /pack",""
"","Bebida láctea desnatada omega 3 Hacendado\nBrick 1 L\n1,10 € /ud.",""
"","Bebida láctea Omega 3 Puleva con nueces y leche desnatada\n6 bricks x 1 L\n11,70 € /pack",""
"","Bebida láctea Omega 3 Puleva con nueces y leche desnatada\nBrick 1 L\n1,95 € /ud.",""
"","Leche en polvo desnatada\nPaquete 700 g\n5,20 € /ud.",""
"","Leche +Proteínas desnatada Hacendado\n6 bricks x 1 L\n7,50 € /pack",""
"","Leche +Proteínas desnatada Hacendado\nBrick 1 L\n1,25 € /ud.",""
"","Leche desnatada Asturiana\n6 bricks x 1 L\n6,84 € /pack",""
"","Leche desnatada Asturiana\nBrick 1 L\n1,14 € /ud.",""
"Leche_entera","Leche entera Hacendado\n6 bricks x 1 L\n5,46 € /pack",""
"","Leche entera Hacendado\nBrick 1 L\n0,91 € /ud.",""
"","Leche entera Hacendado\n6 mini bricks x 200 ml\n1,60 € /pack",""
"","Leche entera Asturiana\n6 botellas x 1,5 L\n10,68 € /pack",""
"","Leche entera Asturiana\nBotella 1,5 L\n1,78 € /ud.",""
"","Leche entera sin lactosa Hacendado\n6 bricks x 1 L\n5,94 € /pack",""
"","Leche entera sin lactosa Hacendado\nBrick 1 L\n0,99 € /ud.",""
"","Leche entera Hacendado\n6 botellas x 1,5 L\n8,82 € /pack",""
"","Leche entera Hacendado\nBotella 1,5 L\n1,47 € /ud.",""
"","Leche entera calcio Hacendado\n6 bricks x 1 L\n6,60 € /pack",""
"","Leche entera calcio Hacendado\nBrick 1 L\n1,10 € /ud.",""
"","Leche entera fresca Hacendado\nBotella 1 L\n1,05 € /ud.",""
"","Leche entera Asturiana\n6 bricks x 1 L\n6,84 € /pack",""
"","Leche entera Asturiana\nBrick 1 L\n1,14 € /ud.",""
"Bebidas_vegetales","Bebida de avena Alitey\n6 bricks x 1 L\n5,70 € /pack",""
"","Bebida de avena Alitey\nBrick 1 L\n0,95 € /ud.",""
"","Bebida de avena Alitey\n3 mini bricks x 250 ml\n1,50 € /pack",""
"","Bebida de avena sin azúcares añadidos Hacendado\n6 bricks x 1 L\n7,20 € /pack",""
"","Bebida de avena sin azúcares añadidos Hacendado\nBrick 1 L\n1,20 € /ud.",""
"","Bebida de soja con calcio y vitaminas Hacendado\n6 bricks x 1 L\n4,20 € /pack",""
"","Bebida de soja con calcio y vitaminas Hacendado\nBrick 1 L\n0,70 € /ud.",""
"","Bebida de soja 0% azúcares Hacendado\n6 bricks x 1 L\n4,80 € /pack",""
"","Bebida de soja 0% azúcares Hacendado\nBrick 1 L\n0,80 € /ud.",""
"","Bebida de almendras zero Hacendado\n6 bricks x 1 L\n8,10 €7,80 € /pack",""
"","Bebida de almendras zero Hacendado\nBrick 1 L\n1,35 €1,30 € /ud.",""
"","Bebida de arroz sin azúcares añadidos Hacendado\n6 bricks x 1 L\n6,60 € /pack",""
"","Bebida de arroz sin azúcares añadidos Hacendado\nBrick 1 L\n1,10 € /ud.",""
"","Bebida de soja sabor café sin azúcares añadidos Hacendado\n6 bricks x 1 L\n7,50 € /pack",""
"","Bebida de soja sabor café sin azúcares añadidos Hacendado\nBrick 1 L\n1,25 € /ud.",""
"","Bebida de almendras Hacendado\n6 bricks x 1 L\n7,80 €7,50 € /pack",""
"","Bebida de almendras Hacendado\nBrick 1 L\n1,30 €1,25 € /ud.",""
"","Leche de coco Dee Thai\nBote 400 ml\n1,40 € /ud.",""
"","Bebida de coco y arroz sin azúcares añadidos Hacendado\n6 bricks x 1 L\n9,00 € /pack",""
"","Bebida de coco y arroz sin azúcares añadidos Hacendado\nBrick 1 L\n1,50 € /ud.",""
"","Bebida de chufa Hacendado sin azúcares añadidos\nBrick 1 L\n1,50 € /ud.",""
"","Horchata de chufa Hacendado\nBrick 1 L\n1,20 € /ud.",""
"","Bebida de avena con café Hacendado\nVaso 250 ml\n0,90 € /ud.",""
"","Bebida de avellana y arroz sin azúcares añadidos Hacendado\n6 bricks x 1 L\n8,10 €7,80 € /pack",""
"","Bebida de avellana y arroz sin azúcares añadidos Hacendado\nBrick 1 L\n1,35 €1,30 € /ud.",""
"","Bebida de soja sabor vainilla Hacendado 0% azúcar\n6 bricks x 1 L\n6,60 € /pack",""
"","Bebida de soja sabor vainilla Hacendado 0% azúcar\nBrick 1 L\n1,10 € /ud.",""
"","Bebida de avena Hacendado 0% azúcar\n6 bricks x 1 L\n4,80 € /pack",""
"","Bebida de avena Hacendado 0% azúcar\nBrick 1 L\n0,80 € /ud.",""
"","Bebida de avena con chocolate Hacendado sin azucares añadidos\n6 bricks x 1 L\n7,20 € /pack",""
"","Bebida de avena con chocolate sin azúcares añadidos Hacendado\nBrick 1 L\n1,20 € /ud.",""
"","Bebida de avena con chocolate sin azúcares añadidos Hacendado\n3 mini bricks x 250 ml\n1,55 € /pack",""
"Batidos","Batido de chocolate Hacendado\n6 mini bricks x 200 ml\n1,40 € /pack",""
"","Batido de chocolate Hacendado\nBotella 1 L\n1,20 € /ud.",""
"","Batido de chocolate 90% leche Hacendado\nBotella 1 L\n1,35 € /ud.",""
"","Batido de chocolate 90% leche Hacendado\n6 mini bricks x 200 ml\n1,65 € /pack",""
"","Batido de chocolate 90% leche Puleva\n6 mini bricks x 200 ml\n2,75 € /pack",""
"","Batido de chocolate ColaCao Energy\n4 mini botellas x 188 ml\n2,65 € /pack",""
"","Batido sabor vainilla Hacendado\nBotella 1 L\n1,20 € /ud.",""
"","Batido de vainilla Hacendado\n6 mini bricks x 200 ml\n1,55 € /pack",""
"","Batido sabor fresa Hacendado\nBotella 1 L\n1,20 € /ud.",""
"","Batido sabor fresa Hacendado\n6 mini bricks x 200 ml\n1,55 € /pack",""
"","Batido de chocolate Hacendado 0% sin azúcares añadidos\n6 mini bricks x 200 ml\n1,85 € /pack",""
"Leche_infantil","Bebida láctea crecimiento y desarrollo Puleva Max\n6 bricks x 1 L\n11,34 € /pack",""
"","Bebida láctea crecimiento y desarrollo Puleva Max\nBrick 1 L\n1,89 € /ud.",""
"","Bebida láctea con cereales crecimiento y desarrollo Puleva Max\n6 bricks x 1 L\n11,34 € /pack",""
"","Bebida láctea con cereales crecimiento y desarrollo Puleva Max\nBrick 1 L\n1,89 € /ud.",""
"","Preparado lácteo crecimiento Peques 3 Puleva\n6 bricks x 1 L\n11,70 €10,50 € /pack",""
"","Preparado lácteo crecimiento Peques 3 Puleva\nBrick 1 L\n1,95 €1,75 € /ud.",""
"","Preparado lácteo con cereales crecimiento Peques 3 Puleva\n6 bricks x 1 L\n11,70 €10,50 € /pack",""
"","Preparado lácteo con cereales crecimiento Peques 3 Puleva\nBrick 1 L\n1,95 €1,75 € /ud.",""
"","Preparado lácteo cereales al cacao Peques 3 Puleva\n3 mini bricks x 200 ml\n1,95 €1,75 € /pack",""
"","Preparado lácteo crecimiento +1 año Hacendado\n6 bricks x 1 L\n7,50 € /pack",""
"","Preparado lácteo crecimiento +1 año Hacendado\nBrick 1 L\n1,25 € /ud.",""
"","Preparado lácteo crecimiento +1 año Hacendado\n6 mini bricks x 200 ml\n1,95 € /pack",""
"","Preparado lácteo con cereales crecimiento Hacendado +1 año\n6 bricks x 1 L\n9,00 € /pack",""
"","Preparado lácteo con cereales crecimiento Hacendado +1 año\nBrick 1 L\n1,50 € /ud.",""
"","Preparado lácteo con cacao y cereales crecimiento Hacendado +1 año\n6 mini bricks x 200 ml\n2,20 € /pack",""
"Leche_condensada_y_otros","Leche condensada entera Nutricia\nBote 1 kg\n3,90 € /ud.",""
"","Leche condensada entera Nutricia\nBote 397 g\n2,30 € /ud.",""
"","Leche condensada entera Nutricia\nBote 450 g\n2,65 € /ud.",""
"","Leche condensada desnatada Nutricia\nBote 450 g\n2,95 € /ud.",""
"","Leche evaporada Hacendado\n3 mini bricks x 200 ml\n1,60 € /pack",""
"","Crema de leche para café Campina\nPaquete 20 ud. (200 ml)\n1,10 € /ud.",""
