ID_MERCADONA;ID_DIA;DESCRIPCIÓN
1/4 Sandía baja en semillas-1/4 Pieza 1,53 kg aprox.;;1/4 Sandía baja en semillas-1/4 Pieza 1,53 kg aprox.
3 Vegetales para microondas-Paquete 300 g;;3 Vegetales para microondas-Paquete 300 g
Aceite de coco virgen Hacendado-Bote 450 ml;;Aceite de coco virgen Hacendado-Bote 450 ml
Aceite de girasol refinado 0,2º Hacendado-Botella 1 L;Aceite refinado de girasol Diasol botella 1 l;Aceite de girasol refinado 0,2º Hacendado-Botella 1 L
Aceite de girasol refinado 0,2º Hacendado-Garrafa 5 L;;Aceite de girasol refinado 0,2º Hacendado-Garrafa 5 L
Aceite de girasol refinado 0-2º Hacendado-Botella 1 L;Aceite refinado de girasol Diasol botella 1 l;Aceite de girasol refinado 0-2º Hacendado-Botella 1 L
Aceite de girasol refinado 0-2º Hacendado-Garrafa 5 L;;Aceite de girasol refinado 0-2º Hacendado-Garrafa 5 L
Aceite de oliva 0,4º Hacendado-Botella 1 L;;Aceite de oliva 0,4º Hacendado-Botella 1 L
Aceite de oliva 0-4º Hacendado-Botella 1 L;;Aceite de oliva 0-4º Hacendado-Botella 1 L
Aceite de oliva 1º Hacendado-Botella 1 L;;Aceite de oliva 1º Hacendado-Botella 1 L
Aceite de oliva intenso Hacendado-Garrafa 3 L;Aceite de oliva intenso La Almazara del Olivar garrafa 5 l;Aceite de oliva intenso Hacendado-Garrafa 3 L
Aceite de oliva suave Hacendado-Garrafa 3 L;;Aceite de oliva suave Hacendado-Garrafa 3 L
Aceite de oliva- vinagre y sal Merry-15 monodosis x 10 ml;;Aceite de oliva- vinagre y sal Merry-15 monodosis x 10 ml
Aceite de oliva virgen extra Hacendado Gran Selección-Botella 750 ml;Aceite de oliva virgen extra Carbonell botella 750 ml;Aceite de oliva virgen extra Hacendado Gran Selección-Botella 750 ml
Aceite de oliva virgen extra Hacendado-Botella 1 L;;Aceite de oliva virgen extra Hacendado-Botella 1 L
Aceite de oliva virgen extra Hacendado-Garrafa 3 L;Aceite de oliva virgen extra La Almazara del Olivar garrafa 3 l;Aceite de oliva virgen extra Hacendado-Garrafa 3 L
Aceite de oliva virgen extra Hacendado-Spray 200 ml;;Aceite de oliva virgen extra Hacendado-Spray 200 ml
Aceite de oliva virgen extra Picual Casa Juncal-Botella 500 ml;;Aceite de oliva virgen extra Picual Casa Juncal-Botella 500 ml
Aceite de oliva virgen Hacendado-Botella 1 L;Aceite de oliva virgen La Almazara del Olivar botella 1 l;Aceite de oliva virgen Hacendado-Botella 1 L
Aceite de oliva virgen Hacendado-Garrafa 3 L;;Aceite de oliva virgen Hacendado-Garrafa 3 L
Aceite de oliva, vinagre y sal Merry-15 monodosis x 10 ml;;Aceite de oliva, vinagre y sal Merry-15 monodosis x 10 ml
Acelgas cortadas-Paquete 300 g;;Acelgas cortadas-Paquete 300 g
Acelgas-Paquete 800 g;Acelga bolsa 750 g;Acelgas-Paquete 800 g
Agua de coco Chaokoh 100% natural-Brick 1 L;;Agua de coco Chaokoh 100% natural-Brick 1 L
Agua de soda con sifón La Casa-Botella 1,5 L;;Agua de soda con sifón La Casa-Botella 1,5 L
Agua mineral con gas grande Aguadoy-6 botellas x 1,5 L;;Agua mineral con gas grande Aguadoy-6 botellas x 1,5 L
Agua mineral con gas grande Aguadoy-Botella 1,5 L;Agua mineral con gas Dia botella 1.5 l;Agua mineral con gas grande Aguadoy-Botella 1,5 L
Agua mineral con gas grande Vichy Catalan-Botella 1 L;;Agua mineral con gas grande Vichy Catalan-Botella 1 L
Agua mineral con gas pequeña Aguadoy-6 botellas x 500 ml;;Agua mineral con gas pequeña Aguadoy-6 botellas x 500 ml
Agua mineral con gas pequeña Aguadoy-Botella 500 ml;Agua mineral con gas Dia botella 50 cl;Agua mineral con gas pequeña Aguadoy-Botella 500 ml
Agua mineral con gas pequeña Vichy Catalan-6 botellas x 300 ml;;Agua mineral con gas pequeña Vichy Catalan-6 botellas x 300 ml
Agua mineral grande Aguadoy-6 botellas x 1,5 L;;Agua mineral grande Aguadoy-6 botellas x 1,5 L
Agua mineral grande Aguadoy-Botella 1,5 L;Agua mineral natural Dia botella 1.5 l;Agua mineral grande Aguadoy-Botella 1,5 L
Agua mineral grande Aguadoy-Garrafa 6 L;Agua mineral natural Dia garrafa 5 l;Agua mineral grande Aguadoy-Garrafa 6 L
Agua mineral grande Aguadoy-Garrafa 8 L;;Agua mineral grande Aguadoy-Garrafa 8 L
Agua mineral grande Fuente Dehesa-6 botellas x 1,5 L;;Agua mineral grande Fuente Dehesa-6 botellas x 1,5 L
Agua mineral grande Fuente Dehesa-Botella 1,5 L;Agua mineral natural Font Vella botella 1.5 l;Agua mineral grande Fuente Dehesa-Botella 1,5 L
Agua mineral grande Fuente Dehesa-Garrafa 6 L;Agua mineral natural Font Vella garrafa 6.25 l;Agua mineral grande Fuente Dehesa-Garrafa 6 L
Agua mineral grande Lanjarón-6 botellas x 1,5 L;;Agua mineral grande Lanjarón-6 botellas x 1,5 L
Agua mineral grande Lanjarón-Botella 1,5 L;Agua mineral natural Aquarel botella 1.5 l;Agua mineral grande Lanjarón-Botella 1,5 L
Agua mineral grande Liviana-6 botellas x 2 L;;Agua mineral grande Liviana-6 botellas x 2 L
Agua mineral grande Liviana-Botella 2 L;;Agua mineral grande Liviana-Botella 2 L
Agua mineral grande Nestlé Aquarel-6 botellas x 1,5 L;Agua mineral natural Bezoya botella 6 x 1.5 l;Agua mineral grande Nestlé Aquarel-6 botellas x 1,5 L
Agua mineral grande Nestlé Aquarel-Botella 1,5 L;;Agua mineral grande Nestlé Aquarel-Botella 1,5 L
Agua mineral grande Solán de Cabras-6 botellas x 1,5 L;;Agua mineral grande Solán de Cabras-6 botellas x 1,5 L
Agua mineral grande Solán de Cabras-Botella 1,5 L;Agua mineral natural Solán de Cabras botella 1.5 l;Agua mineral grande Solán de Cabras-Botella 1,5 L
Agua mineral mediana Aguadoy-6 botellas x 1 L;;Agua mineral mediana Aguadoy-6 botellas x 1 L
Agua mineral mediana Aguadoy-Botella 1 L;;Agua mineral mediana Aguadoy-Botella 1 L
Agua mineral mediana Fuente Dehesa-6 botellas x 1 L;;Agua mineral mediana Fuente Dehesa-6 botellas x 1 L
Agua mineral mediana Fuente Dehesa-Botella 1 L;;Agua mineral mediana Fuente Dehesa-Botella 1 L
Agua mineral pequeña Aguadoy tapón infantil-6 botellas x 330 ml;;Agua mineral pequeña Aguadoy tapón infantil-6 botellas x 330 ml
Agua mineral pequeña Aguadoy tapón infantil-Botella 330 ml;Agua mineral natural Dia botella 33 cl;Agua mineral pequeña Aguadoy tapón infantil-Botella 330 ml
Agua mineral pequeña Aguadoy-6 botellas x 500 ml;;Agua mineral pequeña Aguadoy-6 botellas x 500 ml
Agua mineral pequeña Aguadoy-Botella 500 ml;Agua mineral natural Dia botella 50 cl;Agua mineral pequeña Aguadoy-Botella 500 ml
Agua mineral pequeña Fuente Dehesa tapón infantil-6 botellas x 330 ml;;Agua mineral pequeña Fuente Dehesa tapón infantil-6 botellas x 330 ml
Agua mineral pequeña Fuente Dehesa tapón infantil-Botella 330 ml;;Agua mineral pequeña Fuente Dehesa tapón infantil-Botella 330 ml
Agua mineral pequeña Fuente Dehesa-6 botellas x 500 ml;;Agua mineral pequeña Fuente Dehesa-6 botellas x 500 ml
Agua mineral pequeña Fuente Dehesa-Botella 500 ml;;Agua mineral pequeña Fuente Dehesa-Botella 500 ml
Aguacate-Pieza 254 g aprox.;Aguacate bandeja 450 g;Aguacate-Pieza 254 g aprox.
Aguacates-550 g aprox.;Aguacate granel 750 g aprox.;Aguacates-550 g aprox.
Ajo negro dientes pelados-Tarrina 85 g;Ajo en polvo Vegecampo frasco 85 g;Ajo negro dientes pelados-Tarrina 85 g
Ajo tierno-Manojo 200 g;;Ajo tierno-Manojo 200 g
Ajos morados-Malla 250 g;Ajos malla 250 g;Ajos morados-Malla 250 g
Ajos morados-Malla 400 g;Ajo morado malla 400 g;Ajos morados-Malla 400 g
Albahaca-Bandeja 20 g;;Albahaca-Bandeja 20 g
Alcachofa-Pieza 150 g aprox.;;Alcachofa-Pieza 150 g aprox.
Alubia blanca Hacendado-Paquete 1 kg;Alubias blancas Luengo bolsa 1 Kg;Alubia blanca Hacendado-Paquete 1 kg
Alubia cocida blanca Hacendado-Tarro 295 g (210 g escurrido);Alubias blancas extra Vegecampo frasco 210 g;Alubia cocida blanca Hacendado-Tarro 295 g (210 g escurrido)
Alubia cocida blanca Hacendado-Tarro 570 g (400 g escurrido);Alubia cocida Luengo frasco 400 g;Alubia cocida blanca Hacendado-Tarro 570 g (400 g escurrido)
Alubia cocida granja Hacendado-Tarro 570 g (350 g escurrido);;Alubia cocida granja Hacendado-Tarro 570 g (350 g escurrido)
Alubia cocida pinta Hacendado-Tarro 570 g (400 g escurrido);Alubias pintas cocidas Vegecampo frasco 400 g;Alubia cocida pinta Hacendado-Tarro 570 g (400 g escurrido)
Alubia cocida roja Hacendado-Tarro 570 g (400 g escurrido);Alubias rojas cocidas Vegecampo frasco 400 g;Alubia cocida roja Hacendado-Tarro 570 g (400 g escurrido)
Alubia granja Hacendado-Paquete 500 g;;Alubia granja Hacendado-Paquete 500 g
Alubia negra Hacendado-Paquete 1 kg;;Alubia negra Hacendado-Paquete 1 kg
Alubia pinta Hacendado-Paquete 1 kg;Alubias pintas Vegecampo bolsa 1 Kg;Alubia pinta Hacendado-Paquete 1 kg
Alubia roja Hacendado-Paquete 1 kg;;Alubia roja Hacendado-Paquete 1 kg
Apio verde-Paquete 660 g aprox.;Apio bolsa 500 g;Apio verde-Paquete 660 g aprox.
Arándanos-Tarrina 500 g;Arándano bandeja 300 g;Arándanos-Tarrina 500 g
Arándanos-Vaso 225 g;Arándano vaso 170 g;Arándanos-Vaso 225 g
Arroz basmati aromático Hacendado-Paquete 1 kg;Arroz basmati Selección Mundial paquete 1 Kg;Arroz basmati aromático Hacendado-Paquete 1 kg
Arroz bomba Hacendado-Paquete 1 kg;Arroz bomba Arrozona paquete 1 Kg;Arroz bomba Hacendado-Paquete 1 kg
Arroz cocido basmati Sabroz-2 vasitos x 125 g;Arroz basmati Brillante vaso 2 x 125 g;Arroz cocido basmati Sabroz-2 vasitos x 125 g
Arroz cocido integral Sabroz-2 vasitos x 125 g;Arroz integral Brillante vaso 2 x 125 g;Arroz cocido integral Sabroz-2 vasitos x 125 g
Arroz cocido redondo Sabroz-2 vasitos x 125 g;Arroz redondo Al Punto vaso 2 x 125 g;Arroz cocido redondo Sabroz-2 vasitos x 125 g
Arroz integral largo Hacendado-Paquete 1 kg;Arroz extra Arrozona bolsa 1 Kg;Arroz integral largo Hacendado-Paquete 1 kg
Arroz integral redondo Hacendado-Paquete 1 kg;;Arroz integral redondo Hacendado-Paquete 1 kg
Arroz largo Hacendado-Paquete 1 kg;Arroz largo de primera categoría Arrozona bolsa 1 Kg;Arroz largo Hacendado-Paquete 1 kg
Arroz redondo Hacendado-Paquete 1 kg;Arroz redondo Brillante paquete 1 Kg;Arroz redondo Hacendado-Paquete 1 kg
Arroz redondo J Sendra Hacendado-Paquete 1 kg;;Arroz redondo J Sendra Hacendado-Paquete 1 kg
Arroz redondo Sabroz-Paquete 1 kg;;Arroz redondo Sabroz-Paquete 1 kg
Arroz redondo SOS-Paquete 1 kg;Arroz redondo SOS paquete 1 Kg;Arroz redondo SOS-Paquete 1 kg
Arroz vaporizado Hacendado-Paquete 1 kg;Arroz vaporizado Arrozona bolsa 1 Kg;Arroz vaporizado Hacendado-Paquete 1 kg
Avena molida Hacendado-Paquete 500 g;;Avena molida Hacendado-Paquete 500 g
Azúcar blanco en sobres Hacendado-Caja 50 sticks (350 g);Azúcar blanco en sobres Dia caja 300 g;Azúcar blanco en sobres Hacendado-Caja 50 sticks (350 g)
Azúcar blanco Hacendado-Paquete 1 kg;Azúcar blanco Dia paquete 1 Kg;Azúcar blanco Hacendado-Paquete 1 kg
Azúcar glas Hacendado-Bote 500 g;;Azúcar glas Hacendado-Bote 500 g
Azúcar moreno de caña en sobres Hacendado-Caja 50 sobres (350 g);;Azúcar moreno de caña en sobres Hacendado-Caja 50 sobres (350 g)
Azúcar moreno de caña Hacendado-Paquete 1 kg;Azúcar moreno de caña integral Sidul bolsa 1 Kg;Azúcar moreno de caña Hacendado-Paquete 1 kg
Banana-Pieza 184 g aprox.;;Banana-Pieza 184 g aprox.
Barquillos con crema de avellanas Hacendado-Paquete 250 g;;Barquillos con crema de avellanas Hacendado-Paquete 250 g
Barquillos rellenos de chocolate Hacendado-Paquete 210 g;;Barquillos rellenos de chocolate Hacendado-Paquete 210 g
Barquillos rellenos de nata Hacendado 0% azúcares añadidos-Paquete 210 g;;Barquillos rellenos de nata Hacendado 0% azúcares añadidos-Paquete 210 g
Barquillos rellenos sabor nata Hacendado-Paquete 210 g;;Barquillos rellenos sabor nata Hacendado-Paquete 210 g
Barrita con proteínas Enervit Sport sabor chocolate negro-Caja 3 barritas (180 g);;Barrita con proteínas Enervit Sport sabor chocolate negro-Caja 3 barritas (180 g)
Barritas 100% fruta de manzana y plátano Hacendado-Caja 3 barritas (90 g);;Barritas 100% fruta de manzana y plátano Hacendado-Caja 3 barritas (90 g)
Barritas con proteínas Enervit Sport sabor coco y chocolate-Caja 3 barritas (120 g);;Barritas con proteínas Enervit Sport sabor coco y chocolate-Caja 3 barritas (120 g)
Barritas de avena Hacendado con chocolate negro-Caja 6 paquetes (252 g);;Barritas de avena Hacendado con chocolate negro-Caja 6 paquetes (252 g)
Barritas de cereales con frutos secos Hacendado-Caja 6 barritas (150 g);;Barritas de cereales con frutos secos Hacendado-Caja 6 barritas (150 g)
Barritas de cereales Hacendado chocolate con leche-Caja 6 barritas (120 g);;Barritas de cereales Hacendado chocolate con leche-Caja 6 barritas (120 g)
Barritas de cereales Hacendado con cacahuetes sabor caramelo-Caja 4 barritas (138 g);;Barritas de cereales Hacendado con cacahuetes sabor caramelo-Caja 4 barritas (138 g)
Barritas de cereales Hacendado con chocolate blanco-Caja 6 barritas (127 g);;Barritas de cereales Hacendado con chocolate blanco-Caja 6 barritas (127 g)
Barritas de cereales muesli Hacendado con chocolate-Caja 6 barritas (138 g);;Barritas de cereales muesli Hacendado con chocolate-Caja 6 barritas (138 g)
Barritas de espelta Hacendado sabor manzana-Caja 6 barritas (120 g);;Barritas de espelta Hacendado sabor manzana-Caja 6 barritas (120 g)
Barritas de galleta bañadas en chocolate con leche Chips Ahoy-Caja 5 barritas (140 g);;Barritas de galleta bañadas en chocolate con leche Chips Ahoy-Caja 5 barritas (140 g)
Barritas de galleta rellenas de arándanos Hacendado-Caja 5 barritas (125 g);;Barritas de galleta rellenas de arándanos Hacendado-Caja 5 barritas (125 g)
Barritas Sustitutivo de comida Belladieta sabor avena y chocolate con leche-Caja 4 barritas (120 g);;Barritas Sustitutivo de comida Belladieta sabor avena y chocolate con leche-Caja 4 barritas (120 g)
Batata para microondas-Paquete 400 g;;Batata para microondas-Paquete 400 g
Batata-Pieza 424 g aprox.;;Batata-Pieza 424 g aprox.
Batido de chocolate 90% leche Hacendado-6 mini bricks x 200 ml;;Batido de chocolate 90% leche Hacendado-6 mini bricks x 200 ml
Batido de chocolate 90% leche Hacendado-Botella 1 L;;Batido de chocolate 90% leche Hacendado-Botella 1 L
Batido de chocolate 90% leche Puleva-6 mini bricks x 200 ml;;Batido de chocolate 90% leche Puleva-6 mini bricks x 200 ml
Batido de chocolate ColaCao Energy-4 mini botellas x 188 ml;;Batido de chocolate ColaCao Energy-4 mini botellas x 188 ml
Batido de chocolate Hacendado 0% sin azúcares añadidos-6 mini bricks x 200 ml;;Batido de chocolate Hacendado 0% sin azúcares añadidos-6 mini bricks x 200 ml
Batido de chocolate Hacendado-6 mini bricks x 200 ml;;Batido de chocolate Hacendado-6 mini bricks x 200 ml
Batido de chocolate Hacendado-Botella 1 L;;Batido de chocolate Hacendado-Botella 1 L
Batido de vainilla Hacendado-6 mini bricks x 200 ml;;Batido de vainilla Hacendado-6 mini bricks x 200 ml
Batido sabor fresa Hacendado-6 mini bricks x 200 ml;;Batido sabor fresa Hacendado-6 mini bricks x 200 ml
Batido sabor fresa Hacendado-Botella 1 L;;Batido sabor fresa Hacendado-Botella 1 L
Batido sabor vainilla Hacendado-Botella 1 L;;Batido sabor vainilla Hacendado-Botella 1 L
Bebida aromatizada a base de vino para cocinar Abuela Carola-Botella 750 ml;;Bebida aromatizada a base de vino para cocinar Abuela Carola-Botella 750 ml
Bebida de almendras Hacendado-6 bricks x 1 L;;Bebida de almendras Hacendado-6 bricks x 1 L
Bebida de almendras Hacendado-Brick 1 L;;Bebida de almendras Hacendado-Brick 1 L
Bebida de almendras zero Hacendado-6 bricks x 1 L;;Bebida de almendras zero Hacendado-6 bricks x 1 L
Bebida de almendras zero Hacendado-Brick 1 L;;Bebida de almendras zero Hacendado-Brick 1 L
Bebida de arroz sin azúcares añadidos Hacendado-6 bricks x 1 L;;Bebida de arroz sin azúcares añadidos Hacendado-6 bricks x 1 L
Bebida de arroz sin azúcares añadidos Hacendado-Brick 1 L;;Bebida de arroz sin azúcares añadidos Hacendado-Brick 1 L
Bebida de avellana y arroz sin azúcares añadidos Hacendado-6 bricks x 1 L;;Bebida de avellana y arroz sin azúcares añadidos Hacendado-6 bricks x 1 L
Bebida de avellana y arroz sin azúcares añadidos Hacendado-Brick 1 L;;Bebida de avellana y arroz sin azúcares añadidos Hacendado-Brick 1 L
Bebida de avena Alitey-3 mini bricks x 250 ml;;Bebida de avena Alitey-3 mini bricks x 250 ml
Bebida de avena Alitey-6 bricks x 1 L;;Bebida de avena Alitey-6 bricks x 1 L
Bebida de avena Alitey-Brick 1 L;;Bebida de avena Alitey-Brick 1 L
Bebida de avena con café Hacendado-Vaso 250 ml;;Bebida de avena con café Hacendado-Vaso 250 ml
Bebida de avena con chocolate Hacendado sin azucares añadidos-6 bricks x 1 L;;Bebida de avena con chocolate Hacendado sin azucares añadidos-6 bricks x 1 L
Bebida de avena con chocolate sin azúcares añadidos Hacendado-3 mini bricks x 250 ml;;Bebida de avena con chocolate sin azúcares añadidos Hacendado-3 mini bricks x 250 ml
Bebida de avena con chocolate sin azúcares añadidos Hacendado-Brick 1 L;;Bebida de avena con chocolate sin azúcares añadidos Hacendado-Brick 1 L
Bebida de avena Hacendado 0% azúcar-6 bricks x 1 L;;Bebida de avena Hacendado 0% azúcar-6 bricks x 1 L
Bebida de avena Hacendado 0% azúcar-Brick 1 L;;Bebida de avena Hacendado 0% azúcar-Brick 1 L
Bebida de avena sin azúcares añadidos Hacendado-6 bricks x 1 L;;Bebida de avena sin azúcares añadidos Hacendado-6 bricks x 1 L
Bebida de avena sin azúcares añadidos Hacendado-Brick 1 L;;Bebida de avena sin azúcares añadidos Hacendado-Brick 1 L
Bebida de chufa Hacendado sin azúcares añadidos-Brick 1 L;;Bebida de chufa Hacendado sin azúcares añadidos-Brick 1 L
Bebida de coco y arroz sin azúcares añadidos Hacendado-6 bricks x 1 L;;Bebida de coco y arroz sin azúcares añadidos Hacendado-6 bricks x 1 L
Bebida de coco y arroz sin azúcares añadidos Hacendado-Brick 1 L;;Bebida de coco y arroz sin azúcares añadidos Hacendado-Brick 1 L
Bebida de soja 0% azúcares Hacendado-6 bricks x 1 L;;Bebida de soja 0% azúcares Hacendado-6 bricks x 1 L
Bebida de soja 0% azúcares Hacendado-Brick 1 L;;Bebida de soja 0% azúcares Hacendado-Brick 1 L
Bebida de soja con calcio y vitaminas Hacendado-6 bricks x 1 L;;Bebida de soja con calcio y vitaminas Hacendado-6 bricks x 1 L
Bebida de soja con calcio y vitaminas Hacendado-Brick 1 L;;Bebida de soja con calcio y vitaminas Hacendado-Brick 1 L
Bebida de soja sabor café sin azúcares añadidos Hacendado-6 bricks x 1 L;;Bebida de soja sabor café sin azúcares añadidos Hacendado-6 bricks x 1 L
Bebida de soja sabor café sin azúcares añadidos Hacendado-Brick 1 L;;Bebida de soja sabor café sin azúcares añadidos Hacendado-Brick 1 L
Bebida de soja sabor vainilla Hacendado 0% azúcar-6 bricks x 1 L;;Bebida de soja sabor vainilla Hacendado 0% azúcar-6 bricks x 1 L
Bebida de soja sabor vainilla Hacendado 0% azúcar-Brick 1 L;;Bebida de soja sabor vainilla Hacendado 0% azúcar-Brick 1 L
Bebida láctea con cereales crecimiento y desarrollo Puleva Max-6 bricks x 1 L;;Bebida láctea con cereales crecimiento y desarrollo Puleva Max-6 bricks x 1 L
Bebida láctea con cereales crecimiento y desarrollo Puleva Max-Brick 1 L;;Bebida láctea con cereales crecimiento y desarrollo Puleva Max-Brick 1 L
Bebida láctea crecimiento y desarrollo Puleva Max-6 bricks x 1 L;;Bebida láctea crecimiento y desarrollo Puleva Max-6 bricks x 1 L
Bebida láctea crecimiento y desarrollo Puleva Max-Brick 1 L;;Bebida láctea crecimiento y desarrollo Puleva Max-Brick 1 L
Bebida láctea desnatada omega 3 Hacendado-6 bricks x 1 L;;Bebida láctea desnatada omega 3 Hacendado-6 bricks x 1 L
Bebida láctea desnatada omega 3 Hacendado-Brick 1 L;;Bebida láctea desnatada omega 3 Hacendado-Brick 1 L
Bebida láctea Omega 3 Puleva con leche desnatada-6 bricks x 1 L;;Bebida láctea Omega 3 Puleva con leche desnatada-6 bricks x 1 L
Bebida láctea Omega 3 Puleva con leche desnatada-Brick 1 L;;Bebida láctea Omega 3 Puleva con leche desnatada-Brick 1 L
Bebida láctea Omega 3 Puleva con nueces y leche desnatada-6 bricks x 1 L;;Bebida láctea Omega 3 Puleva con nueces y leche desnatada-6 bricks x 1 L
Bebida láctea Omega 3 Puleva con nueces y leche desnatada-Brick 1 L;;Bebida láctea Omega 3 Puleva con nueces y leche desnatada-Brick 1 L
Bebida láctea semidesnatada con fibra Hacendado-6 bricks x 1 L;;Bebida láctea semidesnatada con fibra Hacendado-6 bricks x 1 L
Bebida láctea semidesnatada con fibra Hacendado-Brick 1 L;;Bebida láctea semidesnatada con fibra Hacendado-Brick 1 L
Berenjena-Pieza 366 g aprox.;Berenjena granel 800 g aprox.;Berenjena-Pieza 366 g aprox.
Bicarbonato sódico Hacendado-Bote 300 g;;Bicarbonato sódico Hacendado-Bote 300 g
Bicarbonato sódico Hacendado-Paquete 1 kg;Bicarbonato sódico Carmencita bolsa 1 Kg;Bicarbonato sódico Hacendado-Paquete 1 kg
Brócoli-Pieza 393 g aprox.;Brócoli bolsa 500 g;Brócoli-Pieza 393 g aprox.
Calabacín blanco-Pieza 352 g aprox.;;Calabacín blanco-Pieza 352 g aprox.
Calabacín verde-Pieza 403 g aprox.;Calabacín unidad aprox. 475 g;Calabacín verde-Pieza 403 g aprox.
Calabaza cacahuete cortada a trozos-Bandeja 450 g aprox.;Calabaza a dados bolsa 500 g;Calabaza cacahuete cortada a trozos-Bandeja 450 g aprox.
Calabaza cacahuete-Pieza 1,06 kg aprox.;Calabaza unidad aprox. 1.6 Kg;Calabaza cacahuete-Pieza 1,06 kg aprox.
Cebollas dulces-Malla 1 kg;Cebolla dulce malla 1 Kg;Cebollas dulces-Malla 1 kg
Cebollas rojas-Malla 500 g;Cebolla morada malla 500 g;Cebollas rojas-Malla 500 g
Cebollas tiernas-Manojo 3 ud.;Cebolla tierna manojo 350 g;Cebollas tiernas-Manojo 3 ud.
Cebollas-Malla 1 kg;Cebolla malla 750 g;Cebollas-Malla 1 kg
Cebollas-Malla 2 kg;Cebolla malla 1.5 Kg;Cebollas-Malla 2 kg
Cebollino-Bandeja 20 g;;Cebollino-Bandeja 20 g
Cereales avena Crunchy Hacendado de cacao-Caja 400 g;;Cereales avena Crunchy Hacendado de cacao-Caja 400 g
Cereales avena Crunchy Hacendado-Caja 400 g;;Cereales avena Crunchy Hacendado-Caja 400 g
Cereales Cereal Mix Hacendado 0% azúcares añadidos-Paquete 375 g;;Cereales Cereal Mix Hacendado 0% azúcares añadidos-Paquete 375 g
Cereales con salvado de trigo Fibra Sticks Hacendado-Caja 500 g;;Cereales con salvado de trigo Fibra Sticks Hacendado-Caja 500 g
Cereales copos de maíz Corn Flakes Hacendado 0% azúcares añadidos-Caja 500 g;Cereales copos de maíz corn flakes Gran Dia caja 500 g;Cereales copos de maíz Corn Flakes Hacendado 0% azúcares añadidos-Caja 500 g
Cereales copos de maíz Corn Flakes Harvest Home sin gluten-Caja 375 g;;Cereales copos de maíz Corn Flakes Harvest Home sin gluten-Caja 375 g
Cereales copos de maíz Corn Flakes Kellogg's-Caja 500 g;Cereales copos de maíz corn flakes Kellogg's Corn Flakes caja 500 g;Cereales copos de maíz Corn Flakes Kellogg's-Caja 500 g
Cereales copos de trigo Chocodays Hacendado con chocolate-Caja 500 g;Cereales de pétalos de trigo y chocolate Gran Dia caja 500 g;Cereales copos de trigo Chocodays Hacendado con chocolate-Caja 500 g
Cereales copos de trigo espelta integral Hacendado 0% azúcares añadidos-Paquete 400 g;;Cereales copos de trigo espelta integral Hacendado 0% azúcares añadidos-Paquete 400 g
Cereales copos de trigo integral y arroz Hacendado 0% azúcares añadidos-Caja 500 g;;Cereales copos de trigo integral y arroz Hacendado 0% azúcares añadidos-Caja 500 g
Cereales copos de trigo integral y arroz Hacendado bañados en chocolate con leche-Caja 375 g;Cereales copos de trigo, arroz y cebada con chocolate negro Gran Dia caja 300 g;Cereales copos de trigo integral y arroz Hacendado bañados en chocolate con leche-Caja 375 g
Cereales copos de trigo integral y arroz Special K Classic-Caja 450 g;;Cereales copos de trigo integral y arroz Special K Classic-Caja 450 g
Cereales copos tostados de trigo integral y arroz Hacendado con chocolate-Caja 425 g;;Cereales copos tostados de trigo integral y arroz Hacendado con chocolate-Caja 425 g
Cereales de arroz inflado Choco Krispies Kellogg's con chocolate-Caja 420 g;Cereales de arroz inflado Kellogg's Choco Krispies caja 420 g;Cereales de arroz inflado Choco Krispies Kellogg's con chocolate-Caja 420 g
Cereales de arroz inflado Choco Rice Hacendado con chocolate-Caja 500 g;;Cereales de arroz inflado Choco Rice Hacendado con chocolate-Caja 500 g
Cereales estrellas de maíz Stars Hacendado con miel-Caja 400 g;;Cereales estrellas de maíz Stars Hacendado con miel-Caja 400 g
Cereales integrales copos de trigo Chocapic Nestlé con chocolate-Caja 625 g;;Cereales integrales copos de trigo Chocapic Nestlé con chocolate-Caja 625 g
Cereales rellenos de chocolate y avellana Hacendado-Paquete 500 g;Cereales rellenos con chocolate y avena Gran Dia caja 500 g;Cereales rellenos de chocolate y avellana Hacendado-Paquete 500 g
Cereales rellenos de crema de cacao y avellana Hacendado sin gluten-Paquete 400 g;;Cereales rellenos de crema de cacao y avellana Hacendado sin gluten-Paquete 400 g
Cereales rellenos de leche Hacendado-Caja 500 g;Cereales rellenos de leche Gran Dia caja 500 g;Cereales rellenos de leche Hacendado-Caja 500 g
Cereales y semillas granola Hacendado con frutos secos-Paquete 400 g;;Cereales y semillas granola Hacendado con frutos secos-Paquete 400 g
Champiñón grande-Bandeja 430 g aprox.;Champiñón grande bandeja 430 g;Champiñón grande-Bandeja 430 g aprox.
Champiñón laminado limpio-Bandeja 320 g aprox.;Champiñón laminado bandeja 250 g;Champiñón laminado limpio-Bandeja 320 g aprox.
Champiñón pequeño-Bandeja 300 g aprox.;Champiñón entero bandeja 250 g;Champiñón pequeño-Bandeja 300 g aprox.
Champiñón Portobello-Bandeja 300 g aprox.;Champiñón portobello bandeja 250 g;Champiñón Portobello-Bandeja 300 g aprox.
Cilantro-Bandeja 20 g;Cilantro bandeja 20 g;Cilantro-Bandeja 20 g
Claras de huevo líquidas pasteurizadas-Botella 1 L;;Claras de huevo líquidas pasteurizadas-Botella 1 L
Claras de huevo líquidas pasteurizadas-Botella 300 ml;;Claras de huevo líquidas pasteurizadas-Botella 300 ml
Col lombarda-Pieza 1,1 kg aprox.;;Col lombarda-Pieza 1,1 kg aprox.
Coliflor-Pieza 1,04 kg aprox.;;Coliflor-Pieza 1,04 kg aprox.
Copos crujientes de cereales Granola Hacendado con trozos de fresas-Paquete 400 g;;Copos crujientes de cereales Granola Hacendado con trozos de fresas-Paquete 400 g
Copos de avena Brüggen-Caja 500 g;;Copos de avena Brüggen-Caja 500 g
Cous cous mediano Bia-Caja 1 kg;;Cous cous mediano Bia-Caja 1 kg
Crema de leche para café Campina-Paquete 20 ud. (200 ml);;Crema de leche para café Campina-Paquete 20 ud. (200 ml)
Crema de vinagre balsámico de Módena Hacendado-Botella 250 g;Crema de vinagre de módena Aliña tu Dia botella 250 ml;Crema de vinagre balsámico de Módena Hacendado-Botella 250 g
Edulcorante en pastillas sacarina Hacendado-Bote 850 pastillas (52 g);;Edulcorante en pastillas sacarina Hacendado-Bote 850 pastillas (52 g)
Edulcorante en pastillas stevia Hacendado-Bote 175 pastillas (9 g);Edulcorante Dia frasco 150 unidades;Edulcorante en pastillas stevia Hacendado-Bote 175 pastillas (9 g)
Edulcorante en sobres sacarina Hacendado-Caja 60 sobres (60 g);;Edulcorante en sobres sacarina Hacendado-Caja 60 sobres (60 g)
Edulcorante en sobres stevia Hacendado-Caja 54 sobres (54 g);;Edulcorante en sobres stevia Hacendado-Caja 54 sobres (54 g)
Edulcorante Eritritol y Sucralosa Hacendado-Bote 200 g;;Edulcorante Eritritol y Sucralosa Hacendado-Bote 200 g
Edulcorante granulado stevia Hacendado-Bote 200 g;;Edulcorante granulado stevia Hacendado-Bote 200 g
Edulcorante líquido sacarina Hacendado-Bote 150 ml;Edulcorante líquido Dia botella 200 ml;Edulcorante líquido sacarina Hacendado-Bote 150 ml
Edulcorante líquido stevia Hacendado-Bote 150 ml;;Edulcorante líquido stevia Hacendado-Bote 150 ml
Espárrago verde fino-Paquete 250 g;Espárrago verde fino manojo aprox. 250 g;Espárrago verde fino-Paquete 250 g
Espárrago verde grueso-Paquete 300 g;Espárrago verde grueso manojo aprox. 250 g;Espárrago verde grueso-Paquete 300 g
Espinacas cortadas-Paquete 300 g;;Espinacas cortadas-Paquete 300 g
Fideo al huevo Hacendado-Paquete 500 g;;Fideo al huevo Hacendado-Paquete 500 g
Fideo cabello de ángel Hacendado-Paquete 500 g;Fideo cabellín Al Diante bolsa 500 g;Fideo cabello de ángel Hacendado-Paquete 500 g
Fideo grueso Hacendado-Paquete 500 g;;Fideo grueso Hacendado-Paquete 500 g
Fideo mediano Hacendado-Paquete 500 g;;Fideo mediano Hacendado-Paquete 500 g
Fideos orientales sabor picante Hacendado-Vaso 65 g;;Fideos orientales sabor picante Hacendado-Vaso 65 g
Fideos orientales sabor pollo Hacendado-Vaso 65 g;;Fideos orientales sabor pollo Hacendado-Vaso 65 g
Fideos orientales Yakisoba classic Gallina Blanca-Vaso 93 g;;Fideos orientales Yakisoba classic Gallina Blanca-Vaso 93 g
Fideos orientales Yakisoba sabor soja Hacendado-Paquete 90 g;;Fideos orientales Yakisoba sabor soja Hacendado-Paquete 90 g
Fideos orientales Yakisoba sabor soja Hacendado-Vaso 80 g;;Fideos orientales Yakisoba sabor soja Hacendado-Vaso 80 g
Fideos orientales Yatekomo sabor pollo Gallina Blanca-3 vasos x 60 g;;Fideos orientales Yatekomo sabor pollo Gallina Blanca-3 vasos x 60 g
Fideos orientales Yatekomo sabor pollo Gallina Blanca-Vaso 60 g;;Fideos orientales Yatekomo sabor pollo Gallina Blanca-Vaso 60 g
Fideuá Hacendado-Paquete 500 g;;Fideuá Hacendado-Paquete 500 g
Floretas de brócoli para microondas-Paquete 230 g;;Floretas de brócoli para microondas-Paquete 230 g
Frambuesas-Bandeja 170 g;Frambuesas bandeja 125 g;Frambuesas-Bandeja 170 g
Fresón-Bandeja 1 kg aprox.;;Fresón-Bandeja 1 kg aprox.
Fresón-Bandeja 500 g aprox.;;Fresón-Bandeja 500 g aprox.
Galletas canela Hacendado-Caja 2 paquetes (500 g);;Galletas canela Hacendado-Caja 2 paquetes (500 g)
Galletas Caocream chocolate blanco Hacendado rellenas de crema-Caja 6 paquetes (252 g);Galletas de cacao rellenas de crema Galleteca caja 220 g;Galletas Caocream chocolate blanco Hacendado rellenas de crema-Caja 6 paquetes (252 g)
Galletas Caocream Hacendado rellenas de crema-Caja 10 paquetes (440 g);Galletas rellenas de crema de chocolate Galleteca paquete 500 g;Galletas Caocream Hacendado rellenas de crema-Caja 10 paquetes (440 g)
Galletas caramelizadas Lotus Biscoff-Paquete 12 ud. (186 g);;Galletas caramelizadas Lotus Biscoff-Paquete 12 ud. (186 g)
Galletas Cereales & fibra Hacendado-Paquete 285 g;Galletas de cereales con vitaminas Artiach Dinosaurus caja 411 g;Galletas Cereales & fibra Hacendado-Paquete 285 g
Galletas Choco con relleno de crema de cacao Hacendado recubiertas de chocolate con leche-Paquete 145 g;;Galletas Choco con relleno de crema de cacao Hacendado recubiertas de chocolate con leche-Paquete 145 g
Galletas Choco leche con chocolatina Hacendado-Caja 4 paquetes (150 g);;Galletas Choco leche con chocolatina Hacendado-Caja 4 paquetes (150 g)
Galletas Choco negro con chocolatina Hacendado-Caja 4 paquetes (150 g);;Galletas Choco negro con chocolatina Hacendado-Caja 4 paquetes (150 g)
Galletas Chocominis sabor chocolate Hacendado-Caja 500 g;;Galletas Chocominis sabor chocolate Hacendado-Caja 500 g
Galletas con chocolate blanco Hacendado-Caja 6 paquetes (236 g);;Galletas con chocolate blanco Hacendado-Caja 6 paquetes (236 g)
Galletas con chocolate y crema de leche Hacendado-Caja 8 paquetes (268 g);;Galletas con chocolate y crema de leche Hacendado-Caja 8 paquetes (268 g)
Galletas con mantequilla Hacendado-Caja 125 g;;Galletas con mantequilla Hacendado-Caja 125 g
Galletas Cookies Hacendado-Paquete 225 g;;Galletas Cookies Hacendado-Paquete 225 g
Galletas cookies sin gluten y sin lactosa Hacendado-Paquete 200 g;;Galletas cookies sin gluten y sin lactosa Hacendado-Paquete 200 g
Galletas Cream Cookies Hacendado-Paquete 160 g;;Galletas Cream Cookies Hacendado-Paquete 160 g
Galletas Crunchy Choc Hacendado-Caja 520 g;;Galletas Crunchy Choc Hacendado-Caja 520 g
Galletas de espelta Hacendado 0% azúcares añadidos-Paquete 200 g;;Galletas de espelta Hacendado 0% azúcares añadidos-Paquete 200 g
Galletas de mantequilla Hacendado Belgas-Caja 6 paquetes (180 g);;Galletas de mantequilla Hacendado Belgas-Caja 6 paquetes (180 g)
Galletas de mantequilla y chocolate Hacendado-Caja 340 g;;Galletas de mantequilla y chocolate Hacendado-Caja 340 g
Galletas Digestive 0% azúcares añadidos Hacendado-Paquete 400 g;;Galletas Digestive 0% azúcares añadidos Hacendado-Paquete 400 g
Galletas Digestive avena chocolate con leche Hacendado-Paquete 280 g;;Galletas Digestive avena chocolate con leche Hacendado-Paquete 280 g
Galletas Digestive avena Hacendado-Caja 8 paquetes (384 g);;Galletas Digestive avena Hacendado-Caja 8 paquetes (384 g)
Galletas Digestive avena Hacendado-Paquete 425 g;;Galletas Digestive avena Hacendado-Paquete 425 g
Galletas Digestive chocolate con leche Hacendado-Paquete 300 g;;Galletas Digestive chocolate con leche Hacendado-Paquete 300 g
Galletas Digestive fibra 23% Hacendado-Paquete 400 g;;Galletas Digestive fibra 23% Hacendado-Paquete 400 g
Galletas Digestive Hacendado-Paquete 2 ud. (800 g);;Galletas Digestive Hacendado-Paquete 2 ud. (800 g)
Galletas Diverkao Hacendado-Caja 8 paquetes (312 g);;Galletas Diverkao Hacendado-Caja 8 paquetes (312 g)
Galletas Divertidas chocolate con leche Hacendado-Caja 6 paquetes (251 g);;Galletas Divertidas chocolate con leche Hacendado-Caja 6 paquetes (251 g)
Galletas Divertidas con cereales Hacendado-Caja 10 paquetes (411 g);;Galletas Divertidas con cereales Hacendado-Caja 10 paquetes (411 g)
Galletas María choco Hacendado-Paquete 265 g;;Galletas María choco Hacendado-Paquete 265 g
Galletas María dorada Hacendado 0% azúcares añadidos-Caja 2 paquetes (400 g);;Galletas María dorada Hacendado 0% azúcares añadidos-Caja 2 paquetes (400 g)
Galletas María dorada Hacendado-Paquete 4 ud. (800 g);Galletas dorada maría Galleteca paquete 800 g;Galletas María dorada Hacendado-Paquete 4 ud. (800 g)
Galletas María Fontaneda-Caja 4 paquetes (800 g);Galletas de desayuno la buena maría Fontaneda caja 800 g;Galletas María Fontaneda-Caja 4 paquetes (800 g)
Galletas María Hacendado-Paquete 4 ud. (800 g);Galletas maría Galleteca paquete 800 g;Galletas María Hacendado-Paquete 4 ud. (800 g)
Galletas María Integral Hacendado-Paquete 4 ud. (800 g);;Galletas María Integral Hacendado-Paquete 4 ud. (800 g)
Galletas María sin gluten y sin lactosa Hacendado-Paquete 205 g;;Galletas María sin gluten y sin lactosa Hacendado-Paquete 205 g
Galletas mini caritas Hacendado con crema de cacao-Caja 8 paquetes (329 g);;Galletas mini caritas Hacendado con crema de cacao-Caja 8 paquetes (329 g)
Galletas mini cookies Hacendado-Caja 4 paquetes (160 g);;Galletas mini cookies Hacendado-Caja 4 paquetes (160 g)
Galletas mini Oreo-Caja 4 paquetes (160 g);;Galletas mini Oreo-Caja 4 paquetes (160 g)
Galletas rebuenas Hacendado rellenas de chocolate-Paquete 500 g;;Galletas rebuenas Hacendado rellenas de chocolate-Paquete 500 g
Galletas Relieve Hacendado-Paquete 3 ud. (645 g);Galletas relieve Galleteca caja 735 g;Galletas Relieve Hacendado-Paquete 3 ud. (645 g)
Galletas rellenas de chocolate Hacendado 0% azúcares añadidos-Paquete 250 g;;Galletas rellenas de chocolate Hacendado 0% azúcares añadidos-Paquete 250 g
Galletas Roditas bañadas con chocolate blanco Hacendado-Caja 4 paquetes (300 g);;Galletas Roditas bañadas con chocolate blanco Hacendado-Caja 4 paquetes (300 g)
Galletas tostadas Animadas Hacendado-Paquete 3 ud. (600 g);;Galletas tostadas Animadas Hacendado-Paquete 3 ud. (600 g)
Galletas tostadas Hacendado-Paquete 4 ud. (800 g);Galletas tostaditas Galleteca caja 600 g;Galletas tostadas Hacendado-Paquete 4 ud. (800 g)
Galletas tostadas Tosta Rica-Caja 3 paquetes (570 g);Galletas de desayuno Cuétara Tostarica caja 570 g;Galletas tostadas Tosta Rica-Caja 3 paquetes (570 g)
Galletas tradicionales Hacendado-Caja 2 paquetes (600 g);;Galletas tradicionales Hacendado-Caja 2 paquetes (600 g)
Garbanzo cocido Hacendado-Tarro 295 g (210 g escurrido);Garbanzos cocidos extra Vegecampo frasco 210 g;Garbanzo cocido Hacendado-Tarro 295 g (210 g escurrido)
Garbanzo cocido Hacendado-Tarro 570 g (400 g escurrido);Garbanzos cocidos bajo contenido en sal Vegecampo frasco 400 g;Garbanzo cocido Hacendado-Tarro 570 g (400 g escurrido)
Garbanzo cocido pedrosillano Hacendado-Tarro 570 g (400 g escurrido);Garbanzo cocido pedrosillano Vegecampo frasco 400 g;Garbanzo cocido pedrosillano Hacendado-Tarro 570 g (400 g escurrido)
Garbanzo Hacendado-Paquete 1 kg;Garbanzos Luengo bolsa 1 Kg;Garbanzo Hacendado-Paquete 1 kg
Garbanzo lechoso andaluz Hacendado-Paquete 1 kg;Garbanzos extra Vegecampo bolsa 1 Kg;Garbanzo lechoso andaluz Hacendado-Paquete 1 kg
Garbanzo pedrosillano Hacendado-Paquete 1 kg;Garbanzo pedrosillano Vegecampo bolsa 1 Kg;Garbanzo pedrosillano Hacendado-Paquete 1 kg
Gaseosa Hacendado grande-Botella 1,5 L;;Gaseosa Hacendado grande-Botella 1,5 L
Gaseosa Hacendado pequeña-6 botellas x 500 ml;;Gaseosa Hacendado pequeña-6 botellas x 500 ml
Gaseosa Hacendado pequeña-Botella 500 ml;;Gaseosa Hacendado pequeña-Botella 500 ml
Gaseosa La Casera grande-2 botellas x 1,5 L;;Gaseosa La Casera grande-2 botellas x 1,5 L
Gaseosa La Casera grande-Botella 1,5 L;;Gaseosa La Casera grande-Botella 1,5 L
Grano de avena cocida Sabroz-2 vasitos x 125 g;;Grano de avena cocida Sabroz-2 vasitos x 125 g
Guacamole Hacendado-Tarrina 200 g;Guacamole Al Punto tarrina 200 g;Guacamole Hacendado-Tarrina 200 g
Guacamole Hacendado-Tarrina 500 g;;Guacamole Hacendado-Tarrina 500 g
Hélices con vegetales Hacendado-Paquete 1 kg;;Hélices con vegetales Hacendado-Paquete 1 kg
Hélices Hacendado-Paquete 500 g;;Hélices Hacendado-Paquete 500 g
Hierbabuena-Paquete 40 g;Hierbabuena Sun&Vegs bolsa 70 g;Hierbabuena-Paquete 40 g
Horchata de chufa Hacendado-Brick 1 L;;Horchata de chufa Hacendado-Brick 1 L
Huevos cocidos-Paquete 6 ud.;;Huevos cocidos-Paquete 6 ud.
Huevos de codorniz-Paquete 18 ud.;;Huevos de codorniz-Paquete 18 ud.
Huevos de gallinas camperas-Paquete 12 ud.;Huevos camperos categoría A clase M/L La receta bandeja 10 unidades;Huevos de gallinas camperas-Paquete 12 ud.
Huevos de gallinas camperas-Paquete 6 ud.;;Huevos de gallinas camperas-Paquete 6 ud.
Huevos grandes L-Paquete 12 ud.;Huevos frescos categoría A clase L Dia bandeja 12 unidades;Huevos grandes L-Paquete 12 ud.
Huevos grandes L-Paquete 6 ud.;;Huevos grandes L-Paquete 6 ud.
Huevos medianos M-Paquete 12 ud.;Huevos frescos categoría A clase M Dia bandeja 12 unidades;Huevos medianos M-Paquete 12 ud.
Huevos super grandes XL-Paquete 12 ud.;;Huevos super grandes XL-Paquete 12 ud.
Huevos-Paquete 24 ud.;Huevos frescos categoría A clase M Huevos Garrido caja 24 unidades;Huevos-Paquete 24 ud.
Jengibre-200 g aprox.;Jengibre bio bandeja 200 g;Jengibre-200 g aprox.
Judía verde plana-Bandeja 750 g;;Judía verde plana-Bandeja 750 g
Judía verde plana-Paquete 350 g;;Judía verde plana-Paquete 350 g
Judía verde redonda-Bandeja 500 g;Judía verde bolsa 500 g;Judía verde redonda-Bandeja 500 g
Kiwi verde-Pieza 109 g aprox.;Kiwi selección 1 unidad;Kiwi verde-Pieza 109 g aprox.
Kiwis verdes-Bandeja 1 kg aprox.;Kiwi bandeja 700 g;Kiwis verdes-Bandeja 1 kg aprox.
Leche +Proteínas desnatada Hacendado-6 bricks x 1 L;;Leche +Proteínas desnatada Hacendado-6 bricks x 1 L
Leche +Proteínas desnatada Hacendado-Brick 1 L;;Leche +Proteínas desnatada Hacendado-Brick 1 L
Leche condensada desnatada Nutricia-Bote 450 g;;Leche condensada desnatada Nutricia-Bote 450 g
Leche condensada entera Nutricia-Bote 1 kg;;Leche condensada entera Nutricia-Bote 1 kg
Leche condensada entera Nutricia-Bote 397 g;;Leche condensada entera Nutricia-Bote 397 g
Leche condensada entera Nutricia-Bote 450 g;;Leche condensada entera Nutricia-Bote 450 g
Leche de coco Dee Thai-Bote 400 ml;;Leche de coco Dee Thai-Bote 400 ml
Leche desnatada Asturiana-6 botellas x 1,5 L;;Leche desnatada Asturiana-6 botellas x 1,5 L
Leche desnatada Asturiana-6 bricks x 1 L;Leche desnatada Central Lechera Asturiana brik 6 x 1 l;Leche desnatada Asturiana-6 bricks x 1 L
Leche desnatada Asturiana-Botella 1,5 L;;Leche desnatada Asturiana-Botella 1,5 L
Leche desnatada Asturiana-Brick 1 L;;Leche desnatada Asturiana-Brick 1 L
Leche desnatada calcio Hacendado-6 bricks x 1 L;;Leche desnatada calcio Hacendado-6 bricks x 1 L
Leche desnatada calcio Hacendado-Brick 1 L;;Leche desnatada calcio Hacendado-Brick 1 L
Leche desnatada Hacendado-6 botellas x 1,5 L;;Leche desnatada Hacendado-6 botellas x 1,5 L
Leche desnatada Hacendado-6 bricks x 1 L;Leche desnatada Dia Láctea brik 6 x 1 l;Leche desnatada Hacendado-6 bricks x 1 L
Leche desnatada Hacendado-Botella 1,5 L;;Leche desnatada Hacendado-Botella 1,5 L
Leche desnatada Hacendado-Brick 1 L;;Leche desnatada Hacendado-Brick 1 L
Leche desnatada sin lactosa Hacendado-6 bricks x 1 L;Leche desnatada sin lactosa Dia Láctea brik 6 x 1 l;Leche desnatada sin lactosa Hacendado-6 bricks x 1 L
Leche desnatada sin lactosa Hacendado-Brick 1 L;;Leche desnatada sin lactosa Hacendado-Brick 1 L
Leche en polvo desnatada-Paquete 700 g;;Leche en polvo desnatada-Paquete 700 g
Leche entera Asturiana-6 botellas x 1,5 L;;Leche entera Asturiana-6 botellas x 1,5 L
Leche entera Asturiana-6 bricks x 1 L;Leche entera Central Lechera Asturiana brik 6 x 1 l;Leche entera Asturiana-6 bricks x 1 L
Leche entera Asturiana-Botella 1,5 L;;Leche entera Asturiana-Botella 1,5 L
Leche entera Asturiana-Brick 1 L;;Leche entera Asturiana-Brick 1 L
Leche entera calcio Hacendado-6 bricks x 1 L;Leche entera Pascual brik 6 x 1 l;Leche entera calcio Hacendado-6 bricks x 1 L
Leche entera calcio Hacendado-Brick 1 L;;Leche entera calcio Hacendado-Brick 1 L
Leche entera fresca Hacendado-Botella 1 L;;Leche entera fresca Hacendado-Botella 1 L
Leche entera Hacendado-6 botellas x 1,5 L;;Leche entera Hacendado-6 botellas x 1,5 L
Leche entera Hacendado-6 bricks x 1 L;Leche entera Dia Láctea brik 6 x 1 l;Leche entera Hacendado-6 bricks x 1 L
Leche entera Hacendado-6 mini bricks x 200 ml;;Leche entera Hacendado-6 mini bricks x 200 ml
Leche entera Hacendado-Botella 1,5 L;;Leche entera Hacendado-Botella 1,5 L
Leche entera Hacendado-Brick 1 L;;Leche entera Hacendado-Brick 1 L
Leche entera sin lactosa Hacendado-6 bricks x 1 L;;Leche entera sin lactosa Hacendado-6 bricks x 1 L
Leche entera sin lactosa Hacendado-Brick 1 L;;Leche entera sin lactosa Hacendado-Brick 1 L
Leche evaporada Hacendado-3 mini bricks x 200 ml;;Leche evaporada Hacendado-3 mini bricks x 200 ml
Leche semidesnatada Asturiana-6 botellas x 1,5 L;;Leche semidesnatada Asturiana-6 botellas x 1,5 L
Leche semidesnatada Asturiana-6 bricks x 1 L;Leche semidesnatada Central Lechera Asturiana brik 6 x 1 l;Leche semidesnatada Asturiana-6 bricks x 1 L
Leche semidesnatada Asturiana-Botella 1,5 L;;Leche semidesnatada Asturiana-Botella 1,5 L
Leche semidesnatada Asturiana-Brick 1 L;;Leche semidesnatada Asturiana-Brick 1 L
Leche semidesnatada calcio Hacendado-6 bricks x 1 L;;Leche semidesnatada calcio Hacendado-6 bricks x 1 L
Leche semidesnatada calcio Hacendado-Brick 1 L;;Leche semidesnatada calcio Hacendado-Brick 1 L
Leche semidesnatada de cabra Hacendado-6 bricks x 1 L;;Leche semidesnatada de cabra Hacendado-6 bricks x 1 L
Leche semidesnatada de cabra Hacendado-Brick 1 L;;Leche semidesnatada de cabra Hacendado-Brick 1 L
Leche semidesnatada fresca Hacendado-Botella 1 L;;Leche semidesnatada fresca Hacendado-Botella 1 L
Leche semidesnatada Hacendado-6 botellas x 1,5 L;;Leche semidesnatada Hacendado-6 botellas x 1,5 L
Leche semidesnatada Hacendado-6 bricks x 1 L;Leche semidesnatada Dia Láctea brik 6 x 1 l;Leche semidesnatada Hacendado-6 bricks x 1 L
Leche semidesnatada Hacendado-6 mini bricks x 200 ml;;Leche semidesnatada Hacendado-6 mini bricks x 200 ml
Leche semidesnatada Hacendado-Botella 1,5 L;;Leche semidesnatada Hacendado-Botella 1,5 L
Leche semidesnatada Hacendado-Brick 1 L;Leche semidesnatada Dia Láctea brik 1 l;Leche semidesnatada Hacendado-Brick 1 L
Leche semidesnatada sin lactosa Hacendado-6 botellas x 1,5 L;;Leche semidesnatada sin lactosa Hacendado-6 botellas x 1,5 L
Leche semidesnatada sin lactosa Hacendado-6 bricks x 1 L;Leche semidesnatada sin lactosa Dia Láctea brik 6 x 1 l;Leche semidesnatada sin lactosa Hacendado-6 bricks x 1 L
Leche semidesnatada sin lactosa Hacendado-6 mini bricks x 200 ml;;Leche semidesnatada sin lactosa Hacendado-6 mini bricks x 200 ml
Leche semidesnatada sin lactosa Hacendado-Botella 1,5 L;;Leche semidesnatada sin lactosa Hacendado-Botella 1,5 L
Leche semidesnatada sin lactosa Hacendado-Brick 1 L;;Leche semidesnatada sin lactosa Hacendado-Brick 1 L
Lenteja cocida Hacendado-Tarro 295 g (210 g escurrido);Lentejas cocidas Vegecampo frasco 210 g;Lenteja cocida Hacendado-Tarro 295 g (210 g escurrido)
Lenteja cocida Hacendado-Tarro 570 g (400 g escurrido);Lentejas cocidas Vegecampo frasco 400 g;Lenteja cocida Hacendado-Tarro 570 g (400 g escurrido)
Lenteja Hacendado-Paquete 1 kg;Lenteja castellana Vegecampo bolsa 1 Kg;Lenteja Hacendado-Paquete 1 kg
Lenteja pardina Hacendado-Paquete 1 kg;Lenteja pardina Legumbres La Asturiana bolsa 1 Kg;Lenteja pardina Hacendado-Paquete 1 kg
Lima-Pieza 100 g aprox.;;Lima-Pieza 100 g aprox.
Limón exprimido Hacendado-Botella 280 ml;;Limón exprimido Hacendado-Botella 280 ml
Limones-Malla 1 kg;Limón granel 1 Kg aprox.;Limones-Malla 1 kg
Limón-Pieza 170 g aprox.;;Limón-Pieza 170 g aprox.
Macarrón al huevo Hacendado-Paquete 500 g;;Macarrón al huevo Hacendado-Paquete 500 g
Macarrón fino Hacendado-Paquete 500 g;;Macarrón fino Hacendado-Paquete 500 g
Macarrón Hacendado-Paquete 1 kg;Macarrón Al Diante bolsa 1 Kg;Macarrón Hacendado-Paquete 1 kg
Macarrón Hacendado-Paquete 500 g;Macarrón Al Diante bolsa 500 g;Macarrón Hacendado-Paquete 500 g
Macarrón rayado Hacendado-Paquete 500 g;;Macarrón rayado Hacendado-Paquete 500 g
Maíz dulce en mazorca cocido-Paquete 2 ud. (450 g);;Maíz dulce en mazorca cocido-Paquete 2 ud. (450 g)
Maíz dulce en mazorca-Bandeja 2 ud.;;Maíz dulce en mazorca-Bandeja 2 ud.
Mandarina-Malla 2 kg;;Mandarina-Malla 2 kg
Mandarina-Pieza 117 g aprox.;;Mandarina-Pieza 117 g aprox.
Mandarinas-1,5 kg;Mandarina malla 1 Kg;Mandarinas-1,5 kg
Mango-Pieza 497 g aprox.;Mango bandeja 650 g;Mango-Pieza 497 g aprox.
Manzana Golden-Pieza 190 g aprox.;;Manzana Golden-Pieza 190 g aprox.
Manzana Granny Smith-Pieza 211 g aprox.;;Manzana Granny Smith-Pieza 211 g aprox.
Manzana Reineta-Pieza 207 g aprox.;;Manzana Reineta-Pieza 207 g aprox.
Manzana roja acidulce-Pieza 220 g aprox.;;Manzana roja acidulce-Pieza 220 g aprox.
Manzana roja dulce-Pieza 200 g aprox.;;Manzana roja dulce-Pieza 200 g aprox.
Manzanas Golden-Bolsa 1,5 kg aprox.;Manzana golden bolsa 1 Kg;Manzanas Golden-Bolsa 1,5 kg aprox.
Manzanas rojas acidulces-Bolsa 1,5 kg aprox.;Manzana roja bolsa 1 Kg;Manzanas rojas acidulces-Bolsa 1,5 kg aprox.
Manzanas rojas dulces-Bolsa 1,5 kg aprox.;Manzana roja selección granel 1 Kg aprox.;Manzanas rojas dulces-Bolsa 1,5 kg aprox.
Media calabaza cacahuete-1/2 Pieza 603 g aprox.;;Media calabaza cacahuete-1/2 Pieza 603 g aprox.
Media col lombarda-1/2 Pieza 570 g aprox.;;Media col lombarda-1/2 Pieza 570 g aprox.
Media piña-1/2 Pieza 954 g aprox.;;Media piña-1/2 Pieza 954 g aprox.
Media sandía baja en semillas-1/2 Pieza 3,03 kg aprox.;;Media sandía baja en semillas-1/2 Pieza 3,03 kg aprox.
Medio melón piel de sapo-1/2 Pieza 1,9 kg aprox.;;Medio melón piel de sapo-1/2 Pieza 1,9 kg aprox.
Medio repollo liso-1/2 Pieza 796 g aprox.;;Medio repollo liso-1/2 Pieza 796 g aprox.
Medio repollo rizado-1/2 Pieza 627 g aprox.;;Medio repollo rizado-1/2 Pieza 627 g aprox.
Melón piel de sapo-Pieza 3,92 kg aprox.;;Melón piel de sapo-Pieza 3,92 kg aprox.
Mini cereales rellenos de leche Hacendado-Caja 5 bolsitas (175 g);;Mini cereales rellenos de leche Hacendado-Caja 5 bolsitas (175 g)
Mix de setas intenso-Bandeja 235 g aprox.;;Mix de setas intenso-Bandeja 235 g aprox.
Mix de setas suave-Bandeja 260 g aprox.;;Mix de setas suave-Bandeja 260 g aprox.
Mix de verduras jardinera para microondas-Paquete 400 g;;Mix de verduras jardinera para microondas-Paquete 400 g
Mix de verduras paisana para microondas-Paquete 300 g;;Mix de verduras paisana para microondas-Paquete 300 g
Moras-Bandeja 125 g;;Moras-Bandeja 125 g
Muesli Crunchy Hacendado 0% azúcares añadidos 0% edulcorantes-Paquete 500 g;;Muesli Crunchy Hacendado 0% azúcares añadidos 0% edulcorantes-Paquete 500 g
Muesli Crunchy Hacendado con chocolate-Paquete 500 g;Muesli crujiente con chocolate Gran Dia caja 500 g;Muesli Crunchy Hacendado con chocolate-Paquete 500 g
Muesli Crunchy Hacendado con fruta-Paquete 500 g;Muesli extra Gran Dia caja 500 g;Muesli Crunchy Hacendado con fruta-Paquete 500 g
Muesli Crunchy Hacendado con frutos secos-Paquete 500 g;;Muesli Crunchy Hacendado con frutos secos-Paquete 500 g
Muesli Hacendado 50% frutas y frutos secos-Paquete 500 g;;Muesli Hacendado 50% frutas y frutos secos-Paquete 500 g
Muesli Hacendado con frutas-Paquete 1 kg;;Muesli Hacendado con frutas-Paquete 1 kg
Muesli Hacendado con quinoa- chía y chocolate negro-Paquete 400 g;;Muesli Hacendado con quinoa- chía y chocolate negro-Paquete 400 g
Muesli Hacendado con quinoa, chía y chocolate negro-Paquete 400 g;;Muesli Hacendado con quinoa, chía y chocolate negro-Paquete 400 g
Naranja para mesa-Pieza 285 g aprox.;;Naranja para mesa-Pieza 285 g aprox.
Naranjas-Malla 3 kg;Naranjas de mesa malla 2 Kg;Naranjas-Malla 3 kg
Naranjas-Malla 5 kg;Naranja especial para zumo malla 4 Kg;Naranjas-Malla 5 kg
Nidos al huevo Hacendado-Paquete 500 g;;Nidos al huevo Hacendado-Paquete 500 g
Noodles de arroz Acecook-Paquete 200 g;;Noodles de arroz Acecook-Paquete 200 g
Obleas para helado Hacendado-Paquete 24 ud. (52 g);;Obleas para helado Hacendado-Paquete 24 ud. (52 g)
Obleas redondas Hacendado-Paquete 24 ud. (255 g);;Obleas redondas Hacendado-Paquete 24 ud. (255 g)
Pajaritas vegetales Hacendado-Paquete 500 g;;Pajaritas vegetales Hacendado-Paquete 500 g
Palitos de zanahoria-Tarrina 180 g;;Palitos de zanahoria-Tarrina 180 g
Panela azúcar moreno de caña integral Hacendado-Paquete 500 g;Panela azúcar moreno de caña integral Azucarera bolsa 500 g;Panela azúcar moreno de caña integral Hacendado-Paquete 500 g
Papaya-Pieza 700 g aprox.;;Papaya-Pieza 700 g aprox.
Pasta corallini integral Hacendado-Paquete 500 g;;Pasta corallini integral Hacendado-Paquete 500 g
Pasta estrellas Hacendado-Paquete 500 g;;Pasta estrellas Hacendado-Paquete 500 g
Pasta estrellas sin gluten Felicia-Paquete 500 g;;Pasta estrellas sin gluten Felicia-Paquete 500 g
Pasta fresca girasoles queso de cabra y cebolla caramelizada Hacendado-Bandeja 250 g;;Pasta fresca girasoles queso de cabra y cebolla caramelizada Hacendado-Bandeja 250 g
Pasta fresca girasoles quesos Hacendado-Bandeja 250 g;;Pasta fresca girasoles quesos Hacendado-Bandeja 250 g
Pasta fresca gnocchi Hacendado-Paquete 500 g;;Pasta fresca gnocchi Hacendado-Paquete 500 g
Pasta fresca gnocchi quesos Hacendado-Paquete 400 g;;Pasta fresca gnocchi quesos Hacendado-Paquete 400 g
Pasta fresca medialunas calabaza y crema de quesos Hacendado-Bandeja 250 g;;Pasta fresca medialunas calabaza y crema de quesos Hacendado-Bandeja 250 g
Pasta fresca medialunas parmigiano reggiano y trufa Hacendado-Bandeja 250 g;;Pasta fresca medialunas parmigiano reggiano y trufa Hacendado-Bandeja 250 g
Pasta fresca ravioli ricotta y espinacas Hacendado-Bandeja 250 g;;Pasta fresca ravioli ricotta y espinacas Hacendado-Bandeja 250 g
Pasta fresca ravioli tomate y queso burrata Hacendado-Bandeja 250 g;;Pasta fresca ravioli tomate y queso burrata Hacendado-Bandeja 250 g
Pasta fresca tagliatelle al huevo Hacendado-Paquete 250 g;;Pasta fresca tagliatelle al huevo Hacendado-Paquete 250 g
Pasta fresca tortellini carne Hacendado-Bandeja 250 g;;Pasta fresca tortellini carne Hacendado-Bandeja 250 g
Pasta fresca tortellini jamón y queso Hacendado-Paquete 250 g;;Pasta fresca tortellini jamón y queso Hacendado-Paquete 250 g
Pasta fresca triángulo setas y mascarpone Hacendado-Bandeja 250 g;;Pasta fresca triángulo setas y mascarpone Hacendado-Bandeja 250 g
Pasta fusilli 100% lentejas rojas Felicia-Paquete 250 g;;Pasta fusilli 100% lentejas rojas Felicia-Paquete 250 g
Pasta fusilli Armando-Paquete 500 g;;Pasta fusilli Armando-Paquete 500 g
Pasta fusilli sin gluten Felicia-Paquete 500 g;;Pasta fusilli sin gluten Felicia-Paquete 500 g
Pasta infantil con vegetales Hacendado-Paquete 500 g;;Pasta infantil con vegetales Hacendado-Paquete 500 g
Pasta maravilla Hacendado-Paquete 500 g;;Pasta maravilla Hacendado-Paquete 500 g
Pasta oriental sabor pollo Maggi-Paquete 71 g;;Pasta oriental sabor pollo Maggi-Paquete 71 g
Pasta penne Armando-Paquete 500 g;;Pasta penne Armando-Paquete 500 g
Pasta penne integral Hacendado-Paquete 500 g;;Pasta penne integral Hacendado-Paquete 500 g
Pasta tiburón Hacendado-Paquete 500 g;Pasta de tiburones Al Diante bolsa 500 g;Pasta tiburón Hacendado-Paquete 500 g
Pasta tortiglioni Armando-Paquete 500 g;;Pasta tortiglioni Armando-Paquete 500 g
Pasta trottole vegetales Hacendado-Paquete 500 g;;Pasta trottole vegetales Hacendado-Paquete 500 g
Patata para microondas-Paquete 400 g;;Patata para microondas-Paquete 400 g
Patata-Pieza 241 g aprox.;;Patata-Pieza 241 g aprox.
Patatas especial para freir-Malla 2 kg;Patata especial para freir malla 2 Kg;Patatas especial para freir-Malla 2 kg
Patatas guarnición-Malla 1 kg;Patatas granel 1 Kg aprox.;Patatas guarnición-Malla 1 kg
Patatas rojas-Malla 2 kg;Patata cocer malla 2 Kg;Patatas rojas-Malla 2 kg
Patatas-Malla 3 kg;;Patatas-Malla 3 kg
Patatas-Malla 5 kg;Patata malla 4 Kg;Patatas-Malla 5 kg
Pepino holandés-Pieza 425 g aprox.;;Pepino holandés-Pieza 425 g aprox.
Pepino-Pieza 204 g aprox.;;Pepino-Pieza 204 g aprox.
Pepinos-Malla 1,25 kg;Pepino granel 1 Kg aprox.;Pepinos-Malla 1,25 kg
Pera Conferencia-Pieza 166 g aprox.;;Pera Conferencia-Pieza 166 g aprox.
Pera Ercolina-Pieza 95 g aprox.;;Pera Ercolina-Pieza 95 g aprox.
Pera Rocha-Pieza 159 g aprox.;;Pera Rocha-Pieza 159 g aprox.
Peras Conferencia-1,5 kg aprox.;;Peras Conferencia-1,5 kg aprox.
Perejil troceado-Paquete 40 g;Perejil manojo 50 g;Perejil troceado-Paquete 40 g
Picada de ajo y Perejil-Bandeja 100 g;;Picada de ajo y Perejil-Bandeja 100 g
Pimiento rojo-Pieza 273 g aprox.;Pimiento rojo unidad aprox. 390 g aprox.;Pimiento rojo-Pieza 273 g aprox.
Pimiento verde freír-Pieza 105 g aprox.;;Pimiento verde freír-Pieza 105 g aprox.
Pimiento verde-Pieza 230 g aprox.;Pimiento verde granel 300 g aprox.;Pimiento verde-Pieza 230 g aprox.
Pimientos semipicantes-Paquete 250 g;;Pimientos semipicantes-Paquete 250 g
Pimientos tricolor rojo- amarillo y verde-550 g aprox.;Pimientos tricolor bolsa 500 g;Pimientos tricolor rojo- amarillo y verde-550 g aprox.
Pimientos tricolor rojo, amarillo y verde-550 g aprox.;Pimientos tricolor bolsa 500 g;Pimientos tricolor rojo, amarillo y verde-550 g aprox.
Piña natural a rodajas-Bote 500 g aprox.;;Piña natural a rodajas-Bote 500 g aprox.
Piña-Pieza 1,97 kg aprox.;Piña gold premium unidad aprox. 2 Kg;Piña-Pieza 1,97 kg aprox.
Plátano de Canarias IGP-Pieza 154 g aprox.;;Plátano de Canarias IGP-Pieza 154 g aprox.
Plátano macho-Pieza 300 g aprox.;;Plátano macho-Pieza 300 g aprox.
Pomelos-Malla 1,5 kg;;Pomelos-Malla 1,5 kg
Preparado de verdura para cocido-Bandeja 900 g aprox.;;Preparado de verdura para cocido-Bandeja 900 g aprox.
Preparado lácteo cereales al cacao Peques 3 Puleva-3 mini bricks x 200 ml;;Preparado lácteo cereales al cacao Peques 3 Puleva-3 mini bricks x 200 ml
Preparado lácteo con cacao y cereales crecimiento Hacendado +1 año-6 mini bricks x 200 ml;;Preparado lácteo con cacao y cereales crecimiento Hacendado +1 año-6 mini bricks x 200 ml
Preparado lácteo con cereales crecimiento Hacendado +1 año-6 bricks x 1 L;;Preparado lácteo con cereales crecimiento Hacendado +1 año-6 bricks x 1 L
Preparado lácteo con cereales crecimiento Hacendado +1 año-Brick 1 L;;Preparado lácteo con cereales crecimiento Hacendado +1 año-Brick 1 L
Preparado lácteo con cereales crecimiento Peques 3 Puleva-6 bricks x 1 L;;Preparado lácteo con cereales crecimiento Peques 3 Puleva-6 bricks x 1 L
Preparado lácteo con cereales crecimiento Peques 3 Puleva-Brick 1 L;;Preparado lácteo con cereales crecimiento Peques 3 Puleva-Brick 1 L
Preparado lácteo crecimiento +1 año Hacendado-6 bricks x 1 L;;Preparado lácteo crecimiento +1 año Hacendado-6 bricks x 1 L
Preparado lácteo crecimiento +1 año Hacendado-6 mini bricks x 200 ml;;Preparado lácteo crecimiento +1 año Hacendado-6 mini bricks x 200 ml
Preparado lácteo crecimiento +1 año Hacendado-Brick 1 L;;Preparado lácteo crecimiento +1 año Hacendado-Brick 1 L
Preparado lácteo crecimiento Peques 3 Puleva-6 bricks x 1 L;;Preparado lácteo crecimiento Peques 3 Puleva-6 bricks x 1 L
Preparado lácteo crecimiento Peques 3 Puleva-Brick 1 L;;Preparado lácteo crecimiento Peques 3 Puleva-Brick 1 L
Preparado para salmón ahumado Hacendado-Bote 750 g;;Preparado para salmón ahumado Hacendado-Bote 750 g
Puerros-Bandeja 450 g aprox.;Puerros bandeja 500 g;Puerros-Bandeja 450 g aprox.
Puerros-Paquete 900 g aprox.;;Puerros-Paquete 900 g aprox.
Quinoa cocida blanca y roja Sabroz-2 vasitos x 125 g;;Quinoa cocida blanca y roja Sabroz-2 vasitos x 125 g
Quinoa Hacendado-Paquete 500 g;;Quinoa Hacendado-Paquete 500 g
Rabanitos-Paquete 250 g;;Rabanitos-Paquete 250 g
Rama de Tomates-838 g aprox.;;Rama de Tomates-838 g aprox.
Reducción de vinagre Pedro Ximénez Hacendado-Botella 300 g;;Reducción de vinagre Pedro Ximénez Hacendado-Botella 300 g
Refresco Coca-Cola light-9 latas x 330 ml;;Refresco Coca-Cola light-9 latas x 330 ml
Refresco Coca-Cola light-Lata 330 ml;;Refresco Coca-Cola light-Lata 330 ml
Refresco Coca-Cola Zero azúcar-12 latas x 330 ml;Refresco de cola zero Coca-Cola lata 12 x 33 cl;Refresco Coca-Cola Zero azúcar-12 latas x 330 ml
Refresco Coca-Cola Zero azúcar-2 botellas x 2 L;Refresco de cola zero Coca-Cola botella 2 x 2 l;Refresco Coca-Cola Zero azúcar-2 botellas x 2 L
Refresco Coca-Cola Zero azúcar-4 botellas x 500 ml;;Refresco Coca-Cola Zero azúcar-4 botellas x 500 ml
Refresco Coca-Cola Zero azúcar-Botella 1,25 L;;Refresco Coca-Cola Zero azúcar-Botella 1,25 L
Refresco Coca-Cola Zero azúcar-Botella 2 L;Refresco de cola zero Hola Cola botella 2 l;Refresco Coca-Cola Zero azúcar-Botella 2 L
Refresco Coca-Cola Zero azúcar-Botella 500 ml;;Refresco Coca-Cola Zero azúcar-Botella 500 ml
Refresco Coca-Cola Zero azúcar-Lata 330 ml;;Refresco Coca-Cola Zero azúcar-Lata 330 ml
Refresco Coca-Cola Zero Zero-12 latas x 330 ml;;Refresco Coca-Cola Zero Zero-12 latas x 330 ml
Refresco Coca-Cola Zero Zero-2 botellas x 2 L;;Refresco Coca-Cola Zero Zero-2 botellas x 2 L
Refresco Coca-Cola Zero Zero-Botella 2 L;;Refresco Coca-Cola Zero Zero-Botella 2 L
Refresco Coca-Cola Zero Zero-Lata 330 ml;;Refresco Coca-Cola Zero Zero-Lata 330 ml
Refresco Coca-Cola-12 latas x 330 ml;Refresco de cola clásica Coca-Cola lata 12 x 33 cl;Refresco Coca-Cola-12 latas x 330 ml
Refresco Coca-Cola-2 botellas x 2 L;Refresco de cola clásica Coca-Cola botella 2 x 2 l;Refresco Coca-Cola-2 botellas x 2 L
Refresco Coca-Cola-4 botellas x 500 ml;;Refresco Coca-Cola-4 botellas x 500 ml
Refresco Coca-Cola-Botella 1,25 L;;Refresco Coca-Cola-Botella 1,25 L
Refresco Coca-Cola-Botella 2 L;;Refresco Coca-Cola-Botella 2 L
Refresco Coca-Cola-Botella 500 ml;;Refresco Coca-Cola-Botella 500 ml
Refresco Coca-Cola-Lata 330 ml;;Refresco Coca-Cola-Lata 330 ml
Refresco cola Hacendado Zero azúcar Zero cafeína-6 latas x 330 ml;;Refresco cola Hacendado Zero azúcar Zero cafeína-6 latas x 330 ml
Refresco cola Hacendado Zero azúcar Zero cafeína-Botella 2 L;;Refresco cola Hacendado Zero azúcar Zero cafeína-Botella 2 L
Refresco cola Hacendado Zero azúcar Zero cafeína-Lata 330 ml;;Refresco cola Hacendado Zero azúcar Zero cafeína-Lata 330 ml
Refresco cola Hacendado Zero azúcar-6 latas x 330 ml;;Refresco cola Hacendado Zero azúcar-6 latas x 330 ml
Refresco cola Hacendado Zero azúcar-Botella 2 L;;Refresco cola Hacendado Zero azúcar-Botella 2 L
Refresco cola Hacendado Zero azúcar-Lata 330 ml;;Refresco cola Hacendado Zero azúcar-Lata 330 ml
Refresco cola Hacendado-6 latas x 330 ml;;Refresco cola Hacendado-6 latas x 330 ml
Refresco cola Hacendado-Botella 2 L;;Refresco cola Hacendado-Botella 2 L
Refresco cola Hacendado-Lata 330 ml;;Refresco cola Hacendado-Lata 330 ml
Refresco cola Pepsi Zero azúcar-Botella 1,75 L;;Refresco cola Pepsi Zero azúcar-Botella 1,75 L
Refresco cola Pepsi-Botella 1,75 L;;Refresco cola Pepsi-Botella 1,75 L
Refresco de limón Hacendado fresh gas-6 latas x 330 ml;;Refresco de limón Hacendado fresh gas-6 latas x 330 ml
Refresco de limón Hacendado fresh gas-Botella 2 L;;Refresco de limón Hacendado fresh gas-Botella 2 L
Refresco de limón Hacendado fresh gas-Lata 330 ml;Refresco de limón Upss lata 33 cl;Refresco de limón Hacendado fresh gas-Lata 330 ml
Refresco de limón Hacendado zero azúcar fresh gas-6 latas x 330 ml;;Refresco de limón Hacendado zero azúcar fresh gas-6 latas x 330 ml
Refresco de limón Hacendado zero azúcar fresh gas-Botella 2 L;Refresco de limón zero Upss botella 2 l;Refresco de limón Hacendado zero azúcar fresh gas-Botella 2 L
Refresco de limón Hacendado zero azúcar fresh gas-Lata 330 ml;;Refresco de limón Hacendado zero azúcar fresh gas-Lata 330 ml
Refresco de naranja Hacendado fresh gas-6 latas x 330 ml;;Refresco de naranja Hacendado fresh gas-6 latas x 330 ml
Refresco de naranja Hacendado fresh gas-Botella 2 L;Refresco de naranja Upss botella 2 l;Refresco de naranja Hacendado fresh gas-Botella 2 L
Refresco de naranja Hacendado fresh gas-Lata 330 ml;Refresco de naranja Upss lata 33 cl;Refresco de naranja Hacendado fresh gas-Lata 330 ml
Refresco de naranja Hacendado zero fresh gas-6 latas x 330 ml;;Refresco de naranja Hacendado zero fresh gas-6 latas x 330 ml
Refresco de naranja Hacendado zero fresh gas-Botella 2 L;Refresco de naranja zero Upss botella 2 l;Refresco de naranja Hacendado zero fresh gas-Botella 2 L
Refresco de naranja Hacendado zero fresh gas-Lata 330 ml;;Refresco de naranja Hacendado zero fresh gas-Lata 330 ml
Refresco Fanta limón zero azúcares añadidos-Lata 330 ml;Refresco de limón zero Fanta lata 33 cl;Refresco Fanta limón zero azúcares añadidos-Lata 330 ml
Refresco Fanta limón-9 latas x 330 ml;;Refresco Fanta limón-9 latas x 330 ml
Refresco Fanta limón-Botella 2 L;Refresco de limón Fanta botella 2 l;Refresco Fanta limón-Botella 2 L
Refresco Fanta limón-Lata 330 ml;Refresco de limón Fanta lata 33 cl;Refresco Fanta limón-Lata 330 ml
Refresco Fanta naranja zero azúcares añadidos-Botella 2 L;Refresco de naranja zero Fanta botella 2 l;Refresco Fanta naranja zero azúcares añadidos-Botella 2 L
Refresco Fanta naranja zero azúcares añadidos-Lata 330 ml;Refresco de naranja zero Fanta lata 33 cl;Refresco Fanta naranja zero azúcares añadidos-Lata 330 ml
Refresco Fanta naranja-2 botellas x 2 L;Refresco de naranja Fanta botella 2 x 2 l;Refresco Fanta naranja-2 botellas x 2 L
Refresco Fanta naranja-9 latas x 330 ml;Refresco de naranja Fanta lata 9 x 33 cl;Refresco Fanta naranja-9 latas x 330 ml
Refresco Fanta naranja-Botella 2 L;Refresco de naranja Fanta botella 2 l;Refresco Fanta naranja-Botella 2 L
Refresco Fanta naranja-Lata 330 ml;Refresco de naranja Fanta lata 33 cl;Refresco Fanta naranja-Lata 330 ml
Refresco lima limón Hacendado fresh gas-6 latas x 330 ml;;Refresco lima limón Hacendado fresh gas-6 latas x 330 ml
Refresco lima limón Hacendado fresh gas-Botella 2 L;Refresco de lima limón Upss botella 2 l;Refresco lima limón Hacendado fresh gas-Botella 2 L
Refresco lima limón Hacendado fresh gas-Lata 330 ml;Refresco de lima limón zero Seven up lata 33 cl;Refresco lima limón Hacendado fresh gas-Lata 330 ml
Refresco lima limón Hacendado zero azúcar fresh gas-Botella 2 L;;Refresco lima limón Hacendado zero azúcar fresh gas-Botella 2 L
Refresco lima limón Sprite-8 latas x 330 ml;;Refresco lima limón Sprite-8 latas x 330 ml
Refresco lima limón Sprite-Botella 2 L;;Refresco lima limón Sprite-Botella 2 L
Refresco lima limón Sprite-Lata 330 ml;;Refresco lima limón Sprite-Lata 330 ml
Refresco limón Schweppes original-8 latas x 330 ml;;Refresco limón Schweppes original-8 latas x 330 ml
Refresco limón Schweppes original-Lata 330 ml;;Refresco limón Schweppes original-Lata 330 ml
Remolacha cocida y pelada-Paquete 450 g;;Remolacha cocida y pelada-Paquete 450 g
Repollo liso-Pieza 1,48 kg aprox.;Repollo liso unidad aprox. 2 Kg aprox.;Repollo liso-Pieza 1,48 kg aprox.
Repollo rizado-Pieza 1,09 kg aprox.;Repollo rizado unidad aprox. 1 Kg;Repollo rizado-Pieza 1,09 kg aprox.
Rosquillas de chocolate con leche y coco Hacendado-Caja 300 g;;Rosquillas de chocolate con leche y coco Hacendado-Caja 300 g
Sal 60% menos de sodio Hacendado-Bote 250 g;;Sal 60% menos de sodio Hacendado-Bote 250 g
Sal de ajo Hacendado-Bote 130 g;;Sal de ajo Hacendado-Bote 130 g
Sal de frutas sabor limón Hacendado-Bote 250 g;;Sal de frutas sabor limón Hacendado-Bote 250 g
Sal fina de mesa Hacendado-Bote 250 g;;Sal fina de mesa Hacendado-Bote 250 g
Sal fina Hacendado-Paquete 1 kg;Sal marina de mesa fina Dia bolsa 1 Kg;Sal fina Hacendado-Paquete 1 kg
Sal gruesa Hacendado-Paquete 1 kg;;Sal gruesa Hacendado-Paquete 1 kg
Sal gruesa para hornear Hacendado-Paquete 2 kg;;Sal gruesa para hornear Hacendado-Paquete 2 kg
Sal marina en escamas Polasal-Bote 125 g;;Sal marina en escamas Polasal-Bote 125 g
Sal rosa del Himalaya Hacendado-Bote 250 g;;Sal rosa del Himalaya Hacendado-Bote 250 g
Sal yodada fina Hacendado-Paquete 1 kg;Sal marina yodada Dia bolsa 1 Kg;Sal yodada fina Hacendado-Paquete 1 kg
Salvado de avena Hacendado-Paquete 500 g;;Salvado de avena Hacendado-Paquete 500 g
Salvado de trigo integral Hacendado-Paquete 250 g;;Salvado de trigo integral Hacendado-Paquete 250 g
Sandía baja en semillas-Pieza 5,97 kg aprox.;;Sandía baja en semillas-Pieza 5,97 kg aprox.
Sémola de trigo Hacendado-Paquete 500 g;;Sémola de trigo Hacendado-Paquete 500 g
Seta laminada-Bandeja 250 g aprox.;Seta ostra bandeja 200 g;Seta laminada-Bandeja 250 g aprox.
Seta shiitake-Bandeja 300 g aprox.;;Seta shiitake-Bandeja 300 g aprox.
Seta-Bandeja 250 g aprox.;;Seta-Bandeja 250 g aprox.
Sirope de agave Hacendado-Bote 350 g;;Sirope de agave Hacendado-Bote 350 g
Soja texturizada grano fino Hacendado-Paquete 250 g;;Soja texturizada grano fino Hacendado-Paquete 250 g
Sopa juliana para microondas-Paquete 400 g;;Sopa juliana para microondas-Paquete 400 g
Spaghetti al huevo Hacendado-Paquete 500 g;;Spaghetti al huevo Hacendado-Paquete 500 g
Spaghetti Armando-Paquete 500 g;;Spaghetti Armando-Paquete 500 g
Spaghetti fino Hacendado-Paquete 500 g;;Spaghetti fino Hacendado-Paquete 500 g
Spaghetti Hacendado-Paquete 1 kg;;Spaghetti Hacendado-Paquete 1 kg
Spaghetti Hacendado-Paquete 500 g;;Spaghetti Hacendado-Paquete 500 g
Spaghetti integral Hacendado-Paquete 500 g;;Spaghetti integral Hacendado-Paquete 500 g
Spaghetti sin gluten Felicia-Paquete 500 g;;Spaghetti sin gluten Felicia-Paquete 500 g
Surtido de galletas y barquillos Hacendado-Paquete 500 g;;Surtido de galletas y barquillos Hacendado-Paquete 500 g
Surtido de pastas artesanas Hacendado-Caja 1 bandeja (500 g);;Surtido de pastas artesanas Hacendado-Caja 1 bandeja (500 g)
Tallarines Hacendado-Paquete 500 g;Tallarines Al Diante bolsa 500 g;Tallarines Hacendado-Paquete 500 g
Tapioca Tipiak-Caja 225 g;;Tapioca Tipiak-Caja 225 g
Tartaletes con relleno de fresa Hacendado-Paquete 150 g;;Tartaletes con relleno de fresa Hacendado-Paquete 150 g
Tomate canario-Pieza 174 g aprox.;Tomate canario malla 750 g;Tomate canario-Pieza 174 g aprox.
Tomate ensalada-1 kg aprox.;Tomate ensalada granel 500 g aprox.;Tomate ensalada-1 kg aprox.
Tomate ensalada-Pieza 273 g aprox.;;Tomate ensalada-Pieza 273 g aprox.
Tomate kumato negro-Pieza 103 g aprox.;;Tomate kumato negro-Pieza 103 g aprox.
Tomate pera-Pieza 125 g aprox.;;Tomate pera-Pieza 125 g aprox.
Tomate rallado-Tarrina 290 g;;Tomate rallado-Tarrina 290 g
Tomate rosa-Pieza 541 g aprox.;;Tomate rosa-Pieza 541 g aprox.
Tomates Anhel-460 g aprox.;;Tomates Anhel-460 g aprox.
Tomates cherry en rama Dulcita-Bandeja 200 g;;Tomates cherry en rama Dulcita-Bandeja 200 g
Tomates cherry pera kumato-Bandeja 300 g;Tomate cherry pera bandeja 250 g;Tomates cherry pera kumato-Bandeja 300 g
Tomates cherry-Bandeja 500 g;Tomate cherry bandeja 400 g;Tomates cherry-Bandeja 500 g
Tomates kumato negro-Bandeja 1 kg aprox.;;Tomates kumato negro-Bandeja 1 kg aprox.
Tomates pera-Bandeja 1 kg aprox.;Tomate pera granel 500 g aprox.;Tomates pera-Bandeja 1 kg aprox.
Tomates-Malla 2 kg;;Tomates-Malla 2 kg
Tortellini carne Pagani-Paquete 250 g;;Tortellini carne Pagani-Paquete 250 g
Tortellini tres quesos Pagani-Paquete 250 g;;Tortellini tres quesos Pagani-Paquete 250 g
Tubitos bañados chocolate negro Hacendado-Bote 150 g;;Tubitos bañados chocolate negro Hacendado-Bote 150 g
Tubitos Hacendado-Bote 175 g;;Tubitos Hacendado-Bote 175 g
Uva blanca sin semillas-Bandeja 500 g aprox.;Uva blanca sin semilla bandeja 500 g;Uva blanca sin semillas-Bandeja 500 g aprox.
Uva roja sin semillas-Bandeja 500 g aprox.;Uva roja sin semilla bandeja 500 g;Uva roja sin semillas-Bandeja 500 g aprox.
Vinagre balsámico de Módena Hacendado-Botella 500 ml;Vinagre balsámico de módena Selección Mundial botella 500 ml;Vinagre balsámico de Módena Hacendado-Botella 500 ml
Vinagre de Jerez reserva Hacendado-Botella 250 ml;Vinagre de jerez reserva dop Delicias de Dia botella 250 ml;Vinagre de Jerez reserva Hacendado-Botella 250 ml
Vinagre de manzana Hacendado sin filtrar-Botella 500 ml;;Vinagre de manzana Hacendado sin filtrar-Botella 500 ml
Vinagre de manzana Hacendado-Botella 1 L;Vinagre de manzana Aliña tu Dia botella 1 l;Vinagre de manzana Hacendado-Botella 1 L
Vinagre de vino blanco Hacendado-Botella 1 L;Vinagre de vino blanco Aliña tu Dia botella 1 l;Vinagre de vino blanco Hacendado-Botella 1 L
Yuca-Pieza 671 g aprox.;;Yuca-Pieza 671 g aprox.
Zanahoria rallada base para ensalada-Paquete 150 g;;Zanahoria rallada base para ensalada-Paquete 150 g
Zanahorias-Paquete 1 kg;Zanahoria bolsa 1 Kg;Zanahorias-Paquete 1 kg
Zanahorias-Paquete 500 g;;Zanahorias-Paquete 500 g
;Tomate en rama granel 500 g aprox.;Tomate en rama granel 500 g aprox.
;Vinagre balsámico de módena Borges botella 250 ml;Vinagre balsámico de módena Borges botella 250 ml
;Vinagre de vino blanco Ybarra botella 1 l;Vinagre de vino blanco Ybarra botella 1 l
;Refresco de limón 6% zumo con gas Upss botella 2 l;Refresco de limón 6% zumo con gas Upss botella 2 l
;Refresco de limón sin gas Upss botella 1.5 l;Refresco de limón sin gas Upss botella 1.5 l
;Refresco de limón zero Fanta botella 2 l;Refresco de limón zero Fanta botella 2 l
;Refresco de naranja sin gas Upss botella 1.5 l;Refresco de naranja sin gas Upss botella 1.5 l
;Pluma nº 6 Gallo bolsa 450 g;Pluma nº 6 Gallo bolsa 450 g
;Puerro 250 g;Puerro 250 g
;Pulpa aguacate Al Punto tarrina 125 g;Pulpa aguacate Al Punto tarrina 125 g
;Refresco de cola Hola Cola botella 4 x 2 l;Refresco de cola Hola Cola botella 4 x 2 l
;Refresco de cola zero Hola Cola botella 6 x 50 cl;Refresco de cola zero Hola Cola botella 6 x 50 cl
;Refresco de cola zero Hola Cola lata 12 x 33 cl;Refresco de cola zero Hola Cola lata 12 x 33 cl
;Refresco de cola zero Pepsi botella 2 x 1.75 l;Refresco de cola zero Pepsi botella 2 x 1.75 l
;Refresco de cola zero sin cafeína Hola Cola lata 6 x 33 cl;Refresco de cola zero sin cafeína Hola Cola lata 6 x 33 cl
;Patata de guarnición malla 1 Kg;Patata de guarnición malla 1 Kg
;Patata nueva malla 1.5 Kg;Patata nueva malla 1.5 Kg
;Pera conferencia bandeja 1 Kg;Pera conferencia bandeja 1 Kg
;Pera Rincón de Soto D.O.P. granel 800 g aprox.;Pera Rincón de Soto D.O.P. granel 800 g aprox.
;Perejil Vegecampo frasco 13 g;Perejil Vegecampo frasco 13 g
;Plátano bio bolsa 1 Kg aprox.;Plátano bio bolsa 1 Kg aprox.
;Plátano de canarias bolsa 1.2 Kg aprox.;Plátano de canarias bolsa 1.2 Kg aprox.
;Plátano de Canarias El afortunado 900 g aprox.;Plátano de Canarias El afortunado 900 g aprox.
;Plátano macho para freír granel 1 Kg aprox.;Plátano macho para freír granel 1 Kg aprox.
;Aceite de oliva suave Carbonell botella 1 l;Aceite de oliva suave Carbonell botella 1 l
;Aceite de oliva suave La Almazara del Olivar botella 1 l;Aceite de oliva suave La Almazara del Olivar botella 1 l
;Aceite de oliva suave La Almazara del Olivar garrafa 5 l;Aceite de oliva suave La Almazara del Olivar garrafa 5 l
;Aceite de oliva suave La española botella 1 l;Aceite de oliva suave La española botella 1 l
;Aceite de orujo de oliva La Almazara del Olivar botella 1 l;Aceite de orujo de oliva La Almazara del Olivar botella 1 l
;Aderezo de limón Aliña tu Dia botella 50 cl;Aderezo de limón Aliña tu Dia botella 50 cl
;Ajo molido Dani frasco 55 g;Ajo molido Dani frasco 55 g
;Alubia negra Vegecampo bolsa 500 g;Alubia negra Vegecampo bolsa 500 g
;Alubias blancas bajo contenido en sal Vegecampo frasco 400 g;Alubias blancas bajo contenido en sal Vegecampo frasco 400 g
;Alubias blancas con verduras Vegecampo frasco 400 g;Alubias blancas con verduras Vegecampo frasco 400 g
;Alubias blancas Vegecampo bolsa 1 Kg;Alubias blancas Vegecampo bolsa 1 Kg
;Lechuga iceberg 1 unidad;Lechuga iceberg 1 unidad
;Lenteja pardina cocida Luengo frasco 400 g;Lenteja pardina cocida Luengo frasco 400 g
;Lenteja pardina Legumbres La Asturiana bolsa 500 g;Lenteja pardina Legumbres La Asturiana bolsa 500 g
;Lenteja pardina Luengo bolsa 1 Kg;Lenteja pardina Luengo bolsa 1 Kg
;Lenteja pardina Luengo bolsa 500 g;Lenteja pardina Luengo bolsa 500 g
;Lenteja roja pelada Luengo bolsa 400 g;Lenteja roja pelada Luengo bolsa 400 g
;Lenteja roja Vegecampo bolsa 1 Kg;Lenteja roja Vegecampo bolsa 1 Kg
;Limón bio malla 500 g;Limón bio malla 500 g
;Limones malla 750 g;Limones malla 750 g
;Lombarda bolsa 2 Kg aprox.;Lombarda bolsa 2 Kg aprox.
;Mandarina granel 500 g aprox.;Mandarina granel 500 g aprox.
;Mandarina selección bandeja 750 g;Mandarina selección bandeja 750 g
;Mandarina Torres Selección malla 750 g;Mandarina Torres Selección malla 750 g
;Manzana fuji bolsa 1 Kg;Manzana fuji bolsa 1 Kg
;Manzana golden granel 1 Kg aprox.;Manzana golden granel 1 Kg aprox.
;Manzana granny granel 800 g aprox.;Manzana granny granel 800 g aprox.
;Manzana pink lady bandeja 550 g;Manzana pink lady bandeja 550 g
;Manzana reineta granel 1 Kg aprox.;Manzana reineta granel 1 Kg aprox.
;Naranja selección granel 1 Kg aprox.;Naranja selección granel 1 Kg aprox.
;Orégano en hoja Dani frasco 60 g;Orégano en hoja Dani frasco 60 g
;Orégano Vegecampo frasco 15 g;Orégano Vegecampo frasco 15 g
;Azúcar blanco Azucarera paquete 1 Kg;Azúcar blanco Azucarera paquete 1 Kg
;Azúcar moreno de caña integral Azucarera brik 800 g;Azúcar moreno de caña integral Azucarera brik 800 g
;Banana bio bolsa 1 Kg aprox.;Banana bio bolsa 1 Kg aprox.
;Banana granel 500 g aprox.;Banana granel 500 g aprox.
;Calabacín bio 500 g;Calabacín bio 500 g
;Cebolla dulce granel 1 Kg aprox.;Cebolla dulce granel 1 Kg aprox.
;Cebolla en polvo Vegecampo frasco 60 g;Cebolla en polvo Vegecampo frasco 60 g
;Coco troceado bio bolsa 56 g;Coco troceado bio bolsa 56 g
;Cogollos bandeja 3 unidades;Cogollos bandeja 3 unidades
;Coliflor unidad aprox. 2 Kg aprox.;Coliflor unidad aprox. 2 Kg aprox.
;Copos de avena Gran Dia caja 500 g;Copos de avena Gran Dia caja 500 g
;Corazones de cogollos bandeja 6 unidades;Corazones de cogollos bandeja 6 unidades
;Corazones de lechuga romana bandeja 2 unidades;Corazones de lechuga romana bandeja 2 unidades
;Crema de vinagre de módena con frambuesa Aliña tu Dia botella 250 ml;Crema de vinagre de módena con frambuesa Aliña tu Dia botella 250 ml
;Crema vinagre de módena sin azúcares añadidos Vulpi botella 400 ml;Crema vinagre de módena sin azúcares añadidos Vulpi botella 400 ml
;Edulcorante Dia bote 50 g;Edulcorante Dia bote 50 g
;Edulcorante en polvo Dia bote 200 g;Edulcorante en polvo Dia bote 200 g
;Endivias bandeja 350 g;Endivias bandeja 350 g
;Espagueti Al Diante bolsa 1 Kg;Espagueti Al Diante bolsa 1 Kg
;Espagueti nº 5 Barilla caja 500 g;Espagueti nº 5 Barilla caja 500 g
;Espaguetis nº 3 Gallo bolsa 450 g;Espaguetis nº 3 Gallo bolsa 450 g
;Espaguetis nº 3 Gallo bolsa 450 g + 50%;Espaguetis nº 3 Gallo bolsa 450 g + 50%
;Espirales tricolor Al Diante bolsa 500 g;Espirales tricolor Al Diante bolsa 500 g
;Galleta rellena de crema de chocolate Principe paquete 3 x 300 g;Galleta rellena de crema de chocolate Principe paquete 3 x 300 g
;Garbanzos cocidos extra Vegecampo frasco 400 g;Garbanzos cocidos extra Vegecampo frasco 400 g
;Garbanzos cocidos Luengo frasco 400 g;Garbanzos cocidos Luengo frasco 400 g
;Garbanzos con verduras cocidas Luengo frasco 400 g;Garbanzos con verduras cocidas Luengo frasco 400 g
;Huevos frescos categoría A clase L Huevos Garrido caja 12 unidades;Huevos frescos categoría A clase L Huevos Garrido caja 12 unidades
;Huevos frescos categoría A clase M Huevos Garrido caja 12 unidades;Huevos frescos categoría A clase M Huevos Garrido caja 12 unidades
;Huevos frescos categoría A clase M La receta bandeja 24 unidades;Huevos frescos categoría A clase M La receta bandeja 24 unidades
;Huevos frescos categoría A clase XL Huevos Garrido caja 6 unidades;Huevos frescos categoría A clase XL Huevos Garrido caja 6 unidades
;Huevos frescos de gallinas criadas en suelo categoría A clase L La receta bandeja 12 unidades;Huevos frescos de gallinas criadas en suelo categoría A clase L La receta bandeja 12 unidades
;Huevos frescos maíz categoría A clase M/L Grupo de lucas caja 12 unidades;Huevos frescos maíz categoría A clase M/L Grupo de lucas caja 12 unidades
;Kiwi Zespri bandeja 500 g;Kiwi Zespri bandeja 500 g
;Hojas de laurel Dani bolsa 10 g;Hojas de laurel Dani bolsa 10 g
;Hummus clásico Al Punto tarrina 220 g;Hummus clásico Al Punto tarrina 220 g
;Zumo de naranja recién exprimido botella 1 l;Zumo de naranja recién exprimido botella 1 l
;Zumo de naranja recién exprimido botella 250 ml;Zumo de naranja recién exprimido botella 250 ml
;Zumo de naranja recién exprimido botella 500 ml;Zumo de naranja recién exprimido botella 500 ml
